19274,# doc = MVI_1618.2.txt,,,,,,,,,,,,,,,,
19275,# speaker = Ольга,,,,,,,,,,,,,,,,
19276,# sent = 1426,,,,,,,,,,,,,,,,
19277,,Однажды,ОДНАЖДЫ,ADV -,,,_Однажды_ довелось нам быть,ы,д,ж,а,н,д,ADV,ОДНАЖДЫ,ADV -,Ы
19278,,довелось,ДОВЕСТИСЬ,V pf praet sg indic n -,,,Однажды _довелось_ нам быть в,ь,с,о,л,е,в,V,ДОВЕСТИСЬ,V pf praet sg indic n -,Ь
19279,,нам,МЫ,SPRO pl 1p - dat,,,Однажды довелось _нам_ быть в Африке,м,а,н,,,,SPRO,МЫ,SPRO pl 1p - dat,Ы
19280,,быть,БЫТЬ,V ipf - - inf - -,,,Однажды довелось нам _быть_ в Африке .,ь,т,ы,б,,,V,БЫТЬ,V ipf - - inf - -,Ь
19281,,в,В,PR,,,довелось нам быть _в_ Африке .,в,,,,,,PR,В,PR,В
19282,,Африке,АФРИКА,S f inan loc sg,,,нам быть в _Африке_ .,е,к,и,р,ф,а,S,АФРИКА,S f inan loc sg,А
19283,,.,.,PUNCT,,,,,,,,,,PUNCT,,,
19284,,,,,,,,,,,,,,,,,
19285,# sent = 1427,,,,,,,,,,,,,,,,
19286,"<distinct form=""",,,,,,,,,,,,,,,,
19287,<dist>,ээ,,,,,,,,,,,,,,,
19288,""">",,,,,,,,,,,,,,,,
19289,,эээ,ЭЭЭ,INTJ,,,"ээ _эээ_ , мы",э,э,э,,,,NONLEX,ЭЭЭ,NONLEX,Э
19290,</distinct>,,,,,,,,,,,,,,,,
19291,,",",",",PUNCT,,,,,,,,,,PUNCT,,,
19292,,мы,МЫ,SPRO pl 1p - nom,,,"эээ , _мы_ путешествовали по Африке",ы,м,,,,,SPRO,МЫ,SPRO pl 1p - nom,Ы
19293,,путешествовали,ПУТЕШЕСТВОВАТЬ,V ipf praet pl indic - -,,,", мы _путешествовали_ по Африке два",и,л,а,в,о,в,V,ПУТЕШЕСТВОВАТЬ,V ipf praet pl indic - -,Ь
19294,,по,ПО,PR,,,", мы путешествовали _по_ Африке два ...",о,п,,,,,PR,ПО,PR,О
19295,,Африке,АФРИКА,S f inan loc sg,,,мы путешествовали по _Африке_ два ... две,е,к,и,р,ф,а,S,АФРИКА,S f inan loc sg,А
19296,,два,ДВА,NUM acc f inan -,,,путешествовали по Африке _два_ ... две недели,а,в,д,,,,NUM,ДВА,NUM acc m inan,А
19297,,...,...,PUNCT,,,,,,,,,,PUNCT,,,
19298,,две,ДВА,NUM acc m inan,,,Африке два ... _две_ недели всего лишь,е,в,д,,,,NUM,ДВА,NUM nom f -,А
19299,,недели,НЕДЕЛЯ,S f inan acc pl,,,два ... две _недели_ всего лишь и,и,л,е,д,е,н,S,НЕДЕЛЯ,S f inan gen sg,Я
19300,,всего,ВСЕГО,PART,,,... две недели _всего_ лишь и в,о,г,е,с,в,,APRO,ВЕСЬ,A - acc sg plen m anim,О
19301,,лишь,ЛИШЬ,PART,,,две недели всего _лишь_ и в основном,ь,ш,и,л,,,PART,ЛИШЬ,PART,Ь
19302,,и,И,CONJ,,,недели всего лишь _и_ в основном были,и,,,,,,CONJ,И,CONJ,И
19303,,в,В,PR,,,всего лишь и _в_ основном были в,в,,,,,,PR,В,PR,В
19304,,основном,ОСНОВНОЙ,A - loc sg plen m -,,,лишь и в _основном_ были в Уганде,м,о,н,в,о,н,A,ОСНОВНОЙ,A - loc sg plen m -,Й
19305,,были,БЫТЬ,V ipf praet pl indic - -,,,и в основном _были_ в Уганде и,и,л,ы,б,,,V,БЫТЬ,V ipf praet pl indic - -,Ь
19306,,в,В,PR,,,в основном были _в_ Уганде и в,в,,,,,,PR,В,PR,В
19307,,Уганде,УГАНДА,S f inan loc sg,,,основном были в _Уганде_ и в Кении,е,д,н,а,г,у,S,УГАНДА,S m anim ins sg,А
19308,,и,И,CONJ,,,были в Уганде _и_ в Кении .,и,,,,,,CONJ,И,CONJ,И
19309,,в,В,PR,,,в Уганде и _в_ Кении .,в,,,,,,PR,В,PR,В
19310,,Кении,КЕНИЯ,S f inan loc sg,,,Уганде и в _Кении_ .,и,и,н,е,к,,S,КЕНИЯ,S f inan loc sg,Я
19311,,.,.,PUNCT,,,,,,,,,,PUNCT,,,
19312,,,,,,,,,,,,,,,,,
19313,# sent = 1428,,,,,,,,,,,,,,,,
19314,"<distinct form=""",,,,,,,,,,,,,,,,
19315,<dist>,э,,,,,,,,,,,,,,,
19316,""">",,,,,,,,,,,,,,,,
19317,,эээ,ЭЭЭ,INTJ,,,"э _эээ_ , Уганда",э,э,э,,,,NONLEX,ЭЭЭ,NONLEX,Э
19318,</distinct>,,,,,,,,,,,,,,,,
19319,,",",",",PUNCT,,,,,,,,,,PUNCT,,,
19320,,Уганда,УГАНДА,S f inan nom sg,,,"эээ , _Уганда_ - страна небогатая",а,д,н,а,г,у,S,УГАНДА,S f inan nom sg,А
19321,,-,-,PUNCT,,,,,,,,,,PUNCT,,,
19322,,страна,СТРАНА,S f inan nom sg,,,", Уганда - _страна_ небогатая ,",а,н,а,р,т,с,S,СТРАНА,S f inan nom sg,А
19323,,небогатая,НЕБОГАТЫЙ,A - nom sg plen f -,,,"Уганда - страна _небогатая_ , прям",я,а,т,а,г,о,A,НЕБОГАТЫЙ,A - nom sg plen f -,Й
19324,,",",",",PUNCT,,,,,,,,,,PUNCT,,,
19325,"<distinct form=""",,,,,,,,,,,,,,,,
19326,<dist>,прям,,,,,,,,,,,,,,,
19327,""">",,,,,,,,,,,,,,,,
19328,,прямо,ПРЯМО,ADV -,,,"прям _прямо_ скажем ,",о,м,я,р,п,,ADV,ПРЯМО,ADV -,О
19329,</distinct>,,,,,,,,,,,,,,,,
19330,,скажем,СКАЖЕМ,V praes pl 1p,,,"прямо _скажем_ , если не",м,е,ж,а,к,с,ADV,СКАЖЕМ,ADV -,М
19331,,",",",",PUNCT,,,,,,,,,,PUNCT,,,
19332,,если,ЕСЛИ,CONJ,,,"скажем , _если_ не сказать бедная",и,л,с,е,,,CONJ,ЕСЛИ,CONJ,И
19333,,не,НЕ,PART,,,"скажем , если _не_ сказать бедная ,",е,н,,,,,PART,НЕ,PART,Е
19334,,сказать,СКАЗАТЬ,V pf - - inf - -,,,", если не _сказать_ бедная , но",ь,т,а,з,а,к,V,СКАЗАТЬ,V pf - - inf - -,Ь
19335,,бедная,БЕДНЫЙ,A - nom sg plen f -,,,"если не сказать _бедная_ , но тем не менее",я,а,н,д,е,б,A,БЕДНЫЙ,A - nom sg plen f -,Й
19336,,",",",",PUNCT,,,,,,,,,,PUNCT,,,
19337,,но,НО,CONJ,,,"сказать бедная , _но_ тем не менее там тоже",о,н,,,,,CONJ,НО,CONJ,О
19338,,тем не менее,тем не менее,PARENTH,,,"бедная , но _тем не менее_ там тоже есть",е,е,н,е,м,,PARENTH,тем не менее,ADV -,е
19339,,там,ТАМ,ADVPRO-,,,", но тем не менее _там_ тоже есть много",м,а,т,,,,ADV,ТАМ,ADV -,М
19340,,тоже,ТОЖЕ,ADV-,,,но тем не менее там _тоже_ есть много чего,е,ж,о,т,,,PART,ТОЖЕ,PART,Е
19341,,есть,БЫТЬ,V ipf praes sg indic - 3p,,,тем не менее там тоже _есть_ много чего посмотреть,ь,т,с,е,,,V,БЫТЬ,V ipf praes sg indic - 3p,Ь
19342,,много,МНОГО,NUM-0,,,там тоже есть _много_ чего посмотреть .,о,г,о,н,м,,ADV,МНОГО,ADV -,О
19343,,чего,ЧТО,SPRO n inan gen sg,,,тоже есть много _чего_ посмотреть .,о,г,е,ч,,,SPRO,ЧТО,S n - gen sg,О
19344,,посмотреть,ПОСМОТРЕТЬ,V pf - - inf - -,,,есть много чего _посмотреть_ .,ь,т,е,р,т,о,V,ПОСМОТРЕТЬ,V pf - - inf - -,Ь
19345,,.,.,PUNCT,,,,,,,,,,PUNCT,,,
19346,,,,,,,,,,,,,,,,,
19347,# sent = 1429,,,,,,,,,,,,,,,,
19348,,Одно,ОДИН,ANUM - nom sg plen n -,,,. _Одно_ из самых запоминающихся,о,н,д,о,,,ANUM,ОДИН,A - nom sg plen n -,Н
19349,,из,ИЗ,PR,,,Одно _из_ самых запоминающихся мест,з,и,,,,,PR,ИЗ,PR,З
19350,,самых,САМЫЙ,APRO - gen pl,,,Одно из _самых_ запоминающихся мест -,х,ы,м,а,с,,A,САМЫЙ,A - gen pl plen - -,Й
19351,,запоминающихся,ЗАПОМИНАТЬСЯ,PARTCP ipf inpraes gen pl plen - act -,,,Одно из самых _запоминающихся_ мест - это,я,с,х,и,щ,ю,PARTCP,ЗАПОМИНАТЬСЯ,PARTCP ipf inpraes loc pl plen - act -,Я
19352,,мест,МЕСТО,S n inan gen pl,,,из самых запоминающихся _мест_ - это угандийский,т,с,е,м,,,S,МЕСТО,S n inan gen pl,О
19353,,-,-,PUNCT,,,,,,,,,,PUNCT,,,
19354,,это,ЭТО,SPRO n - nom sg,,,"запоминающихся мест - _это_ угандийский зоопарк ,",о,т,э,,,,SPRO,ЭТО,S n - nom sg,О
19355,,угандийский,УГАНДИЙСКИЙ,A - nom sg plen m,,,"мест - это _угандийский_ зоопарк , в",й,и,к,с,й,и,A,УГАНДИЙСКИЙ,A - acc sg plen m inan,Й
19356,,зоопарк,ЗООПАРК,S m inan nom sg,,,"- это угандийский _зоопарк_ , в Энтебе",к,р,а,п,о,о,S,ЗООПАРК,S m inan acc sg,К
19357,,",",",",PUNCT,,,,,,,,,,PUNCT,,,
19358,,в,В,PR,,,"угандийский зоопарк , _в_ Энтебе он ,",в,,,,,,PR,В,PR,В
19359,,Энтебе,ЭНТЕБЕ,S m 0,,,"зоопарк , в _Энтебе_ он , по-моему",е,б,е,т,н,э,S,ЭНТЕБ,S m inan gen sg,Е
19360,,он,ОН,SPRO sg 3p m nom,,,", в Энтебе _он_ , по-моему ,",н,о,,,,,SPRO,ОН,SPRO sg 3p m nom,Н
19361,,",",",",PUNCT,,,,,,,,,,PUNCT,,,
19362,,по-моему,ПО-МОЕМУ,PARENTH -,,,"Энтебе он , _по-моему_ , находится .",у,м,е,о,м,-,ADV,ПО-МОЕМУ,ADV -,У
19363,,",",",",PUNCT,,,,,,,,,,PUNCT,,,
19364,,находится,НАХОДИТЬСЯ,V ipf praes sg indic - 3p,,,", по-моему , _находится_ .",я,с,т,и,д,о,V,НАХОДИТЬСЯ,V ipf praes sg indic - 3p,Я
19365,,.,.,PUNCT,,,,,,,,,,PUNCT,,,
19366,,,,,,,,,,,,,,,,,
19367,# sent = 1430,,,,,,,,,,,,,,,,
19368,,Вообще,ВООБЩЕ,PARENTH -,,,. _Вообще_ зоопарки я не,е,щ,б,о,о,в,ADV,ВООБЩЕ,ADV -,Е
19369,,зоопарки,ЗООПАРК,S m inan acc pl,,,Вообще _зоопарки_ я не люблю,и,к,р,а,п,о,S,ЗООПАРК,S m inan acc pl,К
19370,,я,Я,SPRO sg 1p - nom,,,"Вообще зоопарки _я_ не люблю ,",я,,,,,,SPRO,Я,SPRO sg 1p - nom,Я
19371,,не,НЕ,PART,,,"Вообще зоопарки я _не_ люблю , но",е,н,,,,,PART,НЕ,PART,Е
19372,,люблю,ЛЮБИТЬ,V ipf praes sg indic - 1p,,,"зоопарки я не _люблю_ , но эээ",ю,л,б,ю,л,,V,ЛЮБИТЬ,V ipf praes sg indic - 1p,Ь
19373,,",",",",PUNCT,,,,,,,,,,PUNCT,,,
19374,,но,НО,CONJ,,,"не люблю , _но_ эээ тем не менее вот",о,н,,,,,CONJ,НО,CONJ,О
19375,,эээ,ЭЭЭ,INTJ,,,"люблю , но _эээ_ тем не менее вот в",э,э,э,,,,NONLEX,ЭЭЭ,NONLEX,Э
19376,,тем не менее,тем не менее,PARENTH,,,", но эээ _тем не менее_ вот в Уганде",е,е,н,е,м,,PARENTH,тем не менее,ADV -,е
19377,,вот,ВОТ,PART,,,но эээ тем не менее _вот_ в Уганде мы,т,о,в,,,,PART,ВОТ,PART,Т
19378,,в,В,PR,,,эээ тем не менее вот _в_ Уганде мы пошли,в,,,,,,PR,В,PR,В
19379,,Уганде,УГАНДА,S f inan loc sg,,,"тем не менее вот в _Уганде_ мы пошли ,",е,д,н,а,г,у,S,УГАНДА,S m anim ins sg,А
19380,,мы,МЫ,SPRO pl 1p - nom,,,"вот в Уганде _мы_ пошли , так как",ы,м,,,,,SPRO,МЫ,SPRO pl 1p - nom,Ы
19381,,пошли,ПОЙТИ,V pf praet pl indic - -,,,"в Уганде мы _пошли_ , так как нам",и,л,ш,о,п,,V,ПОЙТИ,V pf praet pl indic - -,И
19382,,",",",",PUNCT,,,,,,,,,,PUNCT,,,
19383,,так как,так как,CONJ,,,"мы пошли , _так как_ нам было предложено",к,а,к,,к,а,CONJ,так как,CONJ,к
19384,,нам,МЫ,SPRO pl 1p - dat,,,"пошли , так как _нам_ было предложено ,",м,а,н,,,,SPRO,МЫ,SPRO pl 1p - dat,Ы
19385,,было,БЫТЬ,V ipf praet sg indic n -,,,", так как нам _было_ предложено , и",о,л,ы,б,,,V,БЫТЬ,V ipf praet sg indic n -,Ь
19386,,предложено,ПРЕДЛОЖИТЬ,PARTCP pf praet - sg brev n pass -,,,"так как нам было _предложено_ , и я",о,н,е,ж,о,л,PARTCP,ПРЕДЛОЖИТЬ,PARTCP pf praet - sg brev n pass -,Ь
19387,,",",",",PUNCT,,,,,,,,,,PUNCT,,,
19388,,и,И,CONJ,,,"было предложено , _и_ я подумала ,",и,,,,,,CONJ,И,CONJ,И
19389,,я,Я,SPRO sg 1p - nom,,,"предложено , и _я_ подумала , что",я,,,,,,SPRO,Я,SPRO sg 1p - nom,Я
19390,,подумала,ПОДУМАТЬ,V pf praet sg indic f -,,,", и я _подумала_ , что ,",а,л,а,м,у,д,V,ПОДУМАТЬ,V pf praet sg indic f -,Ь
19391,,",",",",PUNCT,,,,,,,,,,PUNCT,,,
19392,,что,ЧТО,CONJ,,,"я подумала , _что_ , наверное ,",о,т,ч,,,,CONJ,ЧТО,CONJ,О
19393,,",",",",PUNCT,,,,,,,,,,PUNCT,,,
19394,,наверное,НАВЕРНОЕ,PARENTH -,,,", что , _наверное_ , там животные",е,о,н,р,е,в,ADV,НАВЕРНОЕ,ADV -,Е
19395,,",",",",PUNCT,,,,,,,,,,PUNCT,,,
19396,,там,ТАМ,ADVPRO-,,,", наверное , _там_ животные , те",м,а,т,,,,ADV,ТАМ,ADV -,М
19397,,животные,ЖИВОТНОЕ,S n anim nom pl,,,"наверное , там _животные_ , те самые",е,ы,н,т,о,в,S,ЖИВОТНОЕ,S n anim nom pl,Е
19398,,",",",",PUNCT,,,,,,,,,,PUNCT,,,
19399,,те,ТОТ,APRO - nom pl,,,"там животные , _те_ самые , которые",е,т,,,,,A,ТОТ,A - nom pl plen - -,Т
19400,,самые,САМЫЙ,APRO - nom pl,,,"животные , те _самые_ , которые ммм",е,ы,м,а,с,,A,САМЫЙ,A - nom pl plen - -,Й
19401,,",",",",PUNCT,,,,,,,,,,PUNCT,,,
19402,,которые,КОТОРЫЙ,APRO - acc pl plen - inan,,,"те самые , _которые_ ммм мы видим",е,ы,р,о,т,о,APRO,КОТОРЫЙ,A - acc pl plen - inan,Й
19403,,ммм,МММ,INTJ,,,"самые , которые _ммм_ мы видим на",м,м,м,,,,S,МММ,S n inan loc sg,М
19404,,мы,МЫ,SPRO pl 1p - nom,,,", которые ммм _мы_ видим на картинках",ы,м,,,,,SPRO,МЫ,SPRO pl 1p - nom,Ы
19405,,видим,ВИДЕТЬ,V ipf praes pl indic - 1p,,,"которые ммм мы _видим_ на картинках ,",м,и,д,и,в,,V,ВИДЕТЬ,V ipf praes pl indic - 1p,Ь
19406,,на,НА,PR,,,"ммм мы видим _на_ картинках , там",а,н,,,,,PR,НА,PR,А
19407,,картинках,КАРТИНКА,S f inan loc pl,,,"мы видим на _картинках_ , там мы",х,а,к,н,и,т,S,КАРТИНКА,S f inan loc pl,А
19408,,",",",",PUNCT,,,,,,,,,,PUNCT,,,
19409,,там,ТАМ,ADVPRO-,,,"на картинках , _там_ мы их увидим",м,а,т,,,,ADV,ТАМ,ADV -,М
19410,,мы,МЫ,SPRO pl 1p - nom,,,"картинках , там _мы_ их увидим ,",ы,м,,,,,SPRO,МЫ,SPRO pl 1p - nom,Ы
19411,,их,ОНИ,SPRO pl - - acc,,,", там мы _их_ увидим , можно",х,и,,,,,SPRO,ОНИ,SPRO pl - - acc,И
19412,,увидим,УВИДЕТЬ,V pf praet sg indic,,,"там мы их _увидим_ , можно сказать",м,и,д,и,в,у,V,УВИДЕТЬ,V pf - pl imper - 1p,Ь
19413,,",",",",PUNCT,,,,,,,,,,PUNCT,,,
19414,,можно,МОЖНО,PRAEDIC,,,"их увидим , _можно_ сказать , в",о,н,ж,о,м,,PRAEDIC,МОЖНО,PRAEDIC,О
19415,,сказать,СКАЗАТЬ,V pf - - inf - -,,,"увидим , можно _сказать_ , в дикой",ь,т,а,з,а,к,V,СКАЗАТЬ,V pf - - inf - -,Ь
19416,,",",",",PUNCT,,,,,,,,,,PUNCT,,,
19417,,в,В,PR,,,"можно сказать , _в_ дикой природе .",в,,,,,,PR,В,PR,В
19418,,дикой,ДИКИЙ,A - loc sg plen f -,,,"сказать , в _дикой_ природе .",й,о,к,и,д,,A,ДИКИЙ,A - loc sg plen f -,Й
19419,,природе,ПРИРОДА,S f inan loc sg,,,", в дикой _природе_ .",е,д,о,р,и,р,S,ПРИРОДА,S f inan loc sg,А
19420,,.,.,PUNCT,,,,,,,,,,PUNCT,,,
19421,,,,,,,,,,,,,,,,,
19422,# sent = 1431,,,,,,,,,,,,,,,,
19423,,Так,ТАК,ADV -,,,. _Так_ оно и случилось,к,а,т,,,,ADV,ТАК,ADV -,К
19424,,оно,ОНО,SPRO sg 3p n nom,,,Так _оно_ и случилось .,о,н,о,,,,SPRO,ОНО,SPRO sg 3p n nom,О
19425,,и,И,CONJ,,,Так оно _и_ случилось .,и,,,,,,CONJ,И,CONJ,И
19426,,случилось,СЛУЧИТЬСЯ,V pf praet sg indic n -,,,Так оно и _случилось_ .,ь,с,о,л,и,ч,V,СЛУЧИТЬСЯ,V pf praet sg indic n -,Я
19427,,.,.,PUNCT,,,,,,,,,,PUNCT,,,
19428,,,,,,,,,,,,,,,,,
19429,# sent = 1432,,,,,,,,,,,,,,,,
19430,,Вот,ВОТ,PART,,,". _Вот_ , угандийский зоопарк",т,о,в,,,,PART,ВОТ,PART,Т
19431,,",",",",PUNCT,,,,,,,,,,PUNCT,,,
19432,,угандийский,УГАНДИЙСКИЙ,A - nom sg plen m,,,"Вот , _угандийский_ зоопарк - это",й,и,к,с,й,и,A,УГАНДИЙСКИЙ,A - acc sg plen m inan,Й
19433,,зоопарк,ЗООПАРК,S m inan nom sg,,,"Вот , угандийский _зоопарк_ - это ,",к,р,а,п,о,о,S,ЗООПАРК,S m inan acc sg,К
19434,,-,-,PUNCT,,,,,,,,,,PUNCT,,,
19435,,это,ЭТО,SPRO n - nom sg,,,"угандийский зоопарк - _это_ , конечно ,",о,т,э,,,,SPRO,ЭТО,S n - nom sg,О
19436,,",",",",PUNCT,,,,,,,,,,PUNCT,,,
19437,,конечно,КОНЕЧНО,PARENTH-,,,"- это , _конечно_ , интересно ,",о,н,ч,е,н,о,ADV,КОНЕЧНО,ADV -,О
19438,,",",",",PUNCT,,,,,,,,,,PUNCT,,,
19439,,интересно,ИНТЕРЕСНЫЙ,A - - sg brev n -,,,", конечно , _интересно_ , потому что там",о,н,с,е,р,е,A,ИНТЕРЕСНЫЙ,A - - sg brev n -,Й
19440,,",",",",PUNCT,,,,,,,,,,PUNCT,,,
19441,,потому что,потому что,CONJ,,,", интересно , _потому что_ там нет клеток",о,т,ч,,у,м,CONJ,потому что,CONJ,о
19442,,там,ТАМ,ADVPRO-,,,"интересно , потому что _там_ нет клеток и",м,а,т,,,,ADV,ТАМ,ADV -,М
19443,,нет,НЕТ,ADV -,,,", потому что там _нет_ клеток и мммм",т,е,н,,,,ADV,НЕТ,ADV -,Т
19444,,клеток,КЛЕТКА,S f inan gen pl,,,потому что там нет _клеток_ и мммм животные,к,о,т,е,л,к,S,КЛЕТКА,S f inan gen pl,А
19445,,и,И,CONJ,,,"там нет клеток _и_ мммм животные ,",и,,,,,,CONJ,И,CONJ,И
19446,,мммм,ММММ,INTJ,,,"нет клеток и _мммм_ животные , самые",м,м,м,м,,,NONLEX,ММММ,NONLEX,М
19447,,животные,ЖИВОТНОЕ,S n anim nom pl,,,"клеток и мммм _животные_ , самые ,",е,ы,н,т,о,в,S,ЖИВОТНОЕ,S n anim nom pl,Е
19448,,",",",",PUNCT,,,,,,,,,,PUNCT,,,
19449,,самые,САМЫЙ,APRO - nom pl,,,"мммм животные , _самые_ , с ...",е,ы,м,а,с,,A,САМЫЙ,A - acc pl plen - inan,Й
19450,,",",",",PUNCT,,,,,,,,,,PUNCT,,,
19451,,с,С,PR,,,", самые , _с_ ... самые -",с,,,,,,PR,С,PR,С
19452,,...,...,PUNCT,,,,,,,,,,PUNCT,,,
19453,,самые,САМЫЙ,APRO - nom pl,,,", с ... _самые_ - самые разнообразные",е,ы,м,а,с,,A,САМЫЙ,A - acc pl plen - inan,Й
19454,,-,-,PUNCT,,,,,,,,,,PUNCT,,,
19455,,самые,САМЫЙ,APRO - nom pl,,,"... самые - _самые_ разнообразные , они",е,ы,м,а,с,,A,САМЫЙ,A - nom pl plen - -,Й
19456,,разнообразные,РАЗНООБРАЗНЫЙ,A - nom pl plen - -,,,"самые - самые _разнообразные_ , они на",е,ы,н,з,а,р,A,РАЗНООБРАЗНЫЙ,A - nom pl plen - -,Й
19457,,",",",",PUNCT,,,,,,,,,,PUNCT,,,
19458,,они,ОНИ,SPRO pl - - nom,,,"самые разнообразные , _они_ на ... ну",и,н,о,,,,SPRO,ОНИ,SPRO pl - - nom,И
19459,,на,НА,PR,,,"разнообразные , они _на_ ... ну почти",а,н,,,,,PR,НА,PR,А
19460,,...,...,PUNCT,,,,,,,,,,PUNCT,,,
19461,,ну,НУ,PART,,,они на ... _ну_ почти что в,у,н,,,,,PART,НУ,PART,У
19462,,почти,ПОЧТИ,ADV -,,,на ... ну _почти_ что в естественной,и,т,ч,о,п,,ADV,ПОЧТИ,ADV -,И
19463,,что,ЧТО,CONJ,,,... ну почти _что_ в естественной среде,о,т,ч,,,,CONJ,ЧТО,CONJ,О
19464,,в,В,PR,,,"ну почти что _в_ естественной среде ,",в,,,,,,PR,В,PR,В
19465,,естественной,ЕСТЕСТВЕННЫЙ,A - loc sg plen f -,,,"почти что в _естественной_ среде , от",й,о,н,н,е,в,A,ЕСТЕСТВЕННЫЙ,A - loc sg plen f -,Й
19466,,среде,СРЕДА,S f inan loc sg,,,"что в естественной _среде_ , от ...",е,д,е,р,с,,S,СРЕДА,S f inan loc sg,А
19467,,",",",",PUNCT,,,,,,,,,,PUNCT,,,
19468,,от,ОТ,PR,,,"естественной среде , _от_ ... от зрителя",т,о,,,,,PR,ОТ,PR,Т
19469,,...,...,PUNCT,,,,,,,,,,PUNCT,,,
19470,,от,ОТ,PR,,,", от ... _от_ зрителя не отгорожены",т,о,,,,,PR,ОТ,PR,Т
19471,,зрителя,ЗРИТЕЛЬ,S m anim gen sg,,,от ... от _зрителя_ не отгорожены там,я,л,е,т,и,р,S,ЗРИТЕЛЬ,S m anim gen sg,Ь
19472,,не,НЕ,PART,,,... от зрителя _не_ отгорожены там буквально,е,н,,,,,PART,НЕ,PART,Е
19473,,отгорожены,ОТГОРОДИТЬ,PARTCP pf praet - pl brev - pass -,,,от зрителя не _отгорожены_ там буквально большими,ы,н,е,ж,о,р,PARTCP,ОТГОРОДИТЬ,PARTCP pf praet - pl brev - pass -,Ь
19474,,там,ТАМ,ADV -,,,зрителя не отгорожены _там_ буквально большими барьерами,м,а,т,,,,ADV,ТАМ,ADV -,М
19475,,буквально,БУКВАЛЬНО,ADV -,,,не отгорожены там _буквально_ большими барьерами .,о,н,ь,л,а,в,ADV,БУКВАЛЬНО,ADV -,О
19476,,большими,БОЛЬШОЙ,A - ins pl plen - -,,,отгорожены там буквально _большими_ барьерами .,и,м,и,ш,ь,л,A,БОЛЬШОЙ,A - ins pl plen - -,Й
19477,,барьерами,БАРЬЕР,S m inan ins pl,,,там буквально большими _барьерами_ .,и,м,а,р,е,ь,S,БАРЬЕР,S m inan ins pl,Р
19478,,.,.,PUNCT,,,,,,,,,,PUNCT,,,
19479,,,,,,,,,,,,,,,,,
19480,# sent = 1433,,,,,,,,,,,,,,,,
19481,,Вот,ВОТ,PART,,,". _Вот_ , но сейчас",т,о,в,,,,PART,ВОТ,PART,Т
19482,,",",",",PUNCT,,,,,,,,,,PUNCT,,,
19483,,но,НО,CONJ,,,"Вот , _но_ сейчас я хочу",о,н,,,,,CONJ,НО,CONJ,О
19484,,сейчас,СЕЙЧАС,ADV -,,,"Вот , но _сейчас_ я хочу рассказать",с,а,ч,й,е,с,ADV,СЕЙЧАС,ADV -,С
19485,,я,Я,SPRO sg 1p - nom,,,", но сейчас _я_ хочу рассказать о",я,,,,,,SPRO,Я,SPRO sg 1p - nom,Я
19486,,хочу,ХОТЕТЬ,V ipf praes sg indic - 1p,,,но сейчас я _хочу_ рассказать о ...,у,ч,о,х,,,V,ХОТЕТЬ,V ipf praes sg indic - 1p,Ь
19487,,рассказать,РАССКАЗАТЬ,V pf - - inf - -,,,сейчас я хочу _рассказать_ о ... о,ь,т,а,з,а,к,V,РАССКАЗАТЬ,V pf - - inf - -,Ь
19488,,о,О,PR,,,я хочу рассказать _о_ ... о другой,о,,,,,,PR,О,PR,О
19489,,...,...,PUNCT,,,,,,,,,,PUNCT,,,
19490,,о,О,PR,,,рассказать о ... _о_ другой вещи .,о,,,,,,PR,О,PR,О
19491,,другой,ДРУГОЙ,APRO - loc sg f -,,,о ... о _другой_ вещи . Когда,й,о,г,у,р,д,A,ДРУГОЙ,A - gen sg plen f -,Й
19492,,вещи,ВЕЩЬ,S f inan loc sg,,,... о другой _вещи_ . Когда мы,и,щ,е,в,,,S,ВЕЩЬ,S f inan loc sg,Ь
19493,,.,.,PUNCT,,,,,,,,,,PUNCT,,,
19494,,Когда,КОГДА,CONJ,,,другой вещи . _Когда_ мы приехали в,а,д,г,о,к,,CONJ,КОГДА,CONJ,А
19495,,мы,МЫ,SPRO pl 1p - nom,,,вещи . Когда _мы_ приехали в зоопарк,ы,м,,,,,SPRO,МЫ,SPRO pl 1p - nom,Ы
19496,,приехали,ПРИЕХАТЬ,V pf praet pl indic - -,,,". Когда мы _приехали_ в зоопарк ,",и,л,а,х,е,и,V,ПРИЕХАТЬ,V pf praet pl indic - -,Ь
19497,,в,В,PR,,,"Когда мы приехали _в_ зоопарк , оказалось",в,,,,,,PR,В,PR,В
19498,,зоопарк,ЗООПАРК,S m inan acc sg,,,"мы приехали в _зоопарк_ , оказалось ,",к,р,а,п,о,о,S,ЗООПАРК,S m inan acc sg,К
19499,,",",",",PUNCT,,,,,,,,,,PUNCT,,,
19500,,оказалось,ОКАЗАТЬСЯ,V pf praet sg indic n -,,,"в зоопарк , _оказалось_ , что мы",ь,с,о,л,а,з,V,ОКАЗАТЬСЯ,V pf praet sg indic n -,Я
19501,,",",",",PUNCT,,,,,,,,,,PUNCT,,,
19502,,что,ЧТО,CONJ,,,", оказалось , _что_ мы там ,",о,т,ч,,,,CONJ,ЧТО,CONJ,О
19503,,мы,МЫ,SPRO pl 1p - nom,,,"оказалось , что _мы_ там , ну",ы,м,,,,,SPRO,МЫ,SPRO pl 1p - nom,Ы
19504,,там,ТАМ,ADV -,,,", что мы _там_ , ну можно",м,а,т,,,,ADV,ТАМ,ADV -,М
19505,,",",",",PUNCT,,,,,,,,,,PUNCT,,,
19506,,ну,НУ,PART,,,"мы там , _ну_ можно сказать ,",у,н,,,,,PART,НУ,PART,У
19507,,можно,МОЖНО,PRAEDIC,,,"там , ну _можно_ сказать , с",о,н,ж,о,м,,PRAEDIC,МОЖНО,PRAEDIC,О
19508,,сказать,СКАЗАТЬ,V pf - - inf - -,,,", ну можно _сказать_ , с мужем",ь,т,а,з,а,к,V,СКАЗАТЬ,V pf - - inf - -,Ь
19509,,",",",",PUNCT,,,,,,,,,,PUNCT,,,
19510,,с,С,PR,,,"можно сказать , _с_ мужем были только",с,,,,,,PR,С,PR,С
19511,,мужем,МУЖ,S m anim ins sg,,,"сказать , с _мужем_ были только",м,е,ж,у,м,,S,МУЖ,S m anim ins sg,Ж
19512,,были,БЫТЬ,V ipf praet pl indic - -,,,", с мужем _были_ только ээ",и,л,ы,б,,,V,БЫТЬ,V ipf praet pl indic - -,Ь
19513,,только,ТОЛЬКО,PART,,,с мужем были _только_ ээ,о,к,ь,л,о,т,PART,ТОЛЬКО,PART,О
19514,"<distinct form=""",,,,,,,,,,,,,,,,
19515,<dist>,ээ,,,,,,,,,,,,,,,
19516,""">",,,,,,,,,,,,,,,,
19517,,эээ,ЭЭЭ,INTJ,,,"ээ _эээ_ единственные ,",э,э,э,,,,NONLEX,ЭЭЭ,NONLEX,Э
19518,</distinct>,,,,,,,,,,,,,,,,
19519,,единственные,ЕДИНСТВЕННЫЙ,A - nom pl plen - -,,,"эээ _единственные_ , наверно ,",е,ы,н,н,е,в,A,ЕДИНСТВЕННЫЙ,A - nom pl plen - -,Й
19520,,",",",",PUNCT,,,,,,,,,,PUNCT,,,
19521,,наверно,НАВЕРНО,ADV -,,,"единственные , _наверно_ , взрослые ...",о,н,р,е,в,а,ADV,НАВЕРНО,ADV -,О
19522,,",",",",PUNCT,,,,,,,,,,PUNCT,,,
19523,,взрослые,ВЗРОСЛЫЙ,S m anim nom pl,,,", наверно , _взрослые_ ... эм ...",е,ы,л,с,о,р,S,ВЗРОСЛЫЙ,S m inan gen sg,Й
19524,,...,...,PUNCT,,,,,,,,,,PUNCT,,,
19525,,эм,ЭМ,INTJ,,,", взрослые ... _эм_ ... взрослые посетители",м,э,,,,,INTJ,ЭМ,S n inan nonflex -,М
19526,,...,...,PUNCT,,,,,,,,,,PUNCT,,,
19527,,взрослые,ВЗРОСЛЫЙ,A - nom pl plen - -,,,"... эм ... _взрослые_ посетители , но",е,ы,л,с,о,р,A,ВЗРОСЛЫЙ,A - nom pl plen - -,Й
19528,,посетители,ПОСЕТИТЕЛЬ,S m anim nom pl,,,"эм ... взрослые _посетители_ , но было",и,л,е,т,и,т,S,ПОСЕТИТЕЛЬ,S m anim nom pl,Ь
19529,,",",",",PUNCT,,,,,,,,,,PUNCT,,,
19530,,но,НО,CONJ,,,"взрослые посетители , _но_ было очень -",о,н,,,,,CONJ,НО,CONJ,О
19531,,было,БЫТЬ,V ipf praet sg indic n -,,,"посетители , но _было_ очень - очень",о,л,ы,б,,,V,БЫТЬ,V ipf praet sg indic n -,Ь
19532,,очень,ОЧЕНЬ,ADV -,,,", но было _очень_ - очень много",ь,н,е,ч,о,,ADV,ОЧЕНЬ,ADV -,Ь
19533,,-,-,PUNCT,,,,,,,,,,PUNCT,,,
19534,,очень,ОЧЕНЬ,ADV -,,,было очень - _очень_ много детей .,ь,н,е,ч,о,,ADV,ОЧЕНЬ,ADV -,Ь
19535,,много,МНОГО,ADV -,,,очень - очень _много_ детей .,о,г,о,н,м,,ADV,МНОГО,ADV -,О
19536,,детей,РЕБЕНОК,S m anim gen pl,,,- очень много _детей_ .,й,е,т,е,д,,S,РЕБЕНОК,S m anim gen pl,К
19537,,.,.,PUNCT,,,,,,,,,,PUNCT,,,
19538,,,,,,,,,,,,,,,,,
19539,# sent = 1434,,,,,,,,,,,,,,,,
19540,"<distinct form=""",,,,,,,,,,,,,,,,
19541,<dist>,эээм,,,,,,,,,,,,,,,
19542,""">",,,,,,,,,,,,,,,,
19543,,эм,ЭМ,INTJ,,,"эээм _эм_ , они",м,э,,,,,INTJ,ЭМ,S n inan nonflex -,М
19544,</distinct>,,,,,,,,,,,,,,,,
19545,,",",",",PUNCT,,,,,,,,,,PUNCT,,,
19546,,они,ОНИ,SPRO pl - - nom,,,"эм , _они_ съезжались из разных",и,н,о,,,,SPRO,ОНИ,SPRO pl - - nom,И
19547,,съезжались,СЪЕЗЖАТЬСЯ,V ipf praet pl indic - -,,,", они _съезжались_ из разных школ",ь,с,и,л,а,ж,V,СЪЕЗЖАТЬСЯ,V ipf praet pl indic - -,Я
19548,,из,ИЗ,PR,,,", они съезжались _из_ разных школ ,",з,и,,,,,PR,ИЗ,PR,З
19549,,разных,РАЗНЫЙ,A - gen pl plen - -,,,"они съезжались из _разных_ школ , ммм",х,ы,н,з,а,р,A,РАЗНЫЙ,A - gen pl plen - -,Й
19550,,школ,ШКОЛА,S f inan gen pl,,,"съезжались из разных _школ_ , ммм ,",л,о,к,ш,,,S,ШКОЛА,S f inan gen pl,А
19551,,",",",",PUNCT,,,,,,,,,,PUNCT,,,
19552,,ммм,МММ,INTJ,,,"разных школ , _ммм_ , их привозили",м,м,м,,,,S,МММ,S n inan loc sg,М
19553,,",",",",PUNCT,,,,,,,,,,PUNCT,,,
19554,,их,ОНИ,SPRO pl - - acc,,,", ммм , _их_ привозили на автобусах",х,и,,,,,SPRO,ОНИ,SPRO pl - - acc,И
19555,,привозили,ПРИВОЗИТЬ,V ipf praet pl indic - -,,,"ммм , их _привозили_ на автобусах ,",и,л,и,з,о,в,V,ПРИВОЗИТЬ,V ipf praet pl indic - -,Ь
19556,,на,НА,PR,,,", их привозили _на_ автобусах , они",а,н,,,,,PR,НА,PR,А
19557,,автобусах,АВТОБУС,S m inan loc pl,,,"их привозили на _автобусах_ , они ,",х,а,с,у,б,о,S,АВТОБУС,S m inan loc pl,С
19558,,",",",",PUNCT,,,,,,,,,,PUNCT,,,
19559,,они,ОНИ,SPRO pl - - nom,,,"на автобусах , _они_ , как птички",и,н,о,,,,SPRO,ОНИ,SPRO pl - - nom,И
19560,,",",",",PUNCT,,,,,,,,,,PUNCT,,,
19561,,как,КАК,CONJ,,,", они , _как_ птички , выпархивали",к,а,к,,,,CONJ,КАК,CONJ,К
19562,,птички,ПТИЧКА,S f anim nom pl,,,"они , как _птички_ , выпархивали ,",и,к,ч,и,т,п,S,ПТИЧКА,S f anim nom pl,А
19563,,",",",",PUNCT,,,,,,,,,,PUNCT,,,
19564,,выпархивали,ВЫПАРХИВАТЬ,V ipf praet pl indic - -,,,"как птички , _выпархивали_ , потому что у",и,л,а,в,и,х,V,ВЫПАРХИВАТЬ,V ipf praet pl indic - -,Ь
19565,,",",",",PUNCT,,,,,,,,,,PUNCT,,,
19566,,потому что,потому что,CONJ,,,", выпархивали , _потому что_ у каждой школы",о,т,ч,,у,м,CONJ,потому что,CONJ,о
19567,,у,У,PR,,,"выпархивали , потому что _у_ каждой школы своя",у,,,,,,PR,У,PR,У
19568,,каждой,КАЖДЫЙ,APRO - gen sg plen f -,,,", потому что у _каждой_ школы своя форма",й,о,д,ж,а,к,APRO,КАЖДЫЙ,A - gen sg plen f -,Й
19569,,школы,ШКОЛА,S f inan gen sg,,,"потому что у каждой _школы_ своя форма ,",ы,л,о,к,ш,,S,ШКОЛА,S f inan gen sg,А
19570,,своя,СВОЙ,APRO - nom sg plen f -,,,"у каждой школы _своя_ форма , с",я,о,в,с,,,APRO,СВОЙ,A - nom sg plen f -,Й
19571,,форма,ФОРМА,S f inan nom sg,,,"каждой школы своя _форма_ , с ...",а,м,р,о,ф,,S,ФОРМА,S f inan nom sg,А
19572,,",",",",PUNCT,,,,,,,,,,PUNCT,,,
19573,,с,С,PR,,,"своя форма , _с_ ... с ...",с,,,,,,PR,С,PR,С
19574,,...,...,PUNCT,,,,,,,,,,PUNCT,,,
19575,,с,С,PR,,,", с ... _с_ ... c ...",с,,,,,,PR,С,S - - nonflex -,С
19576,,...,...,PUNCT,,,,,,,,,,PUNCT,,,
19577,,c,C,INTJ,,,... с ... _c_ ... свой цвет,c,,,,,,NONLEX,C,NONLEX,C
19578,,...,...,PUNCT,,,,,,,,,,PUNCT,,,
19579,,свой,СВОЙ,APRO - nom sg plen m -,,,... c ... _свой_ цвет .,й,о,в,с,,,APRO,СВОЙ,A - nom sg plen m -,Й
19580,,цвет,ЦВЕТ,S m inan nom sg,,,c ... свой _цвет_ .,т,е,в,ц,,,S,ЦВЕТ,S m inan nom sg,Т
19581,,.,.,PUNCT,,,,,,,,,,PUNCT,,,
19582,,,,,,,,,,,,,,,,,
19583,# sent = 1435,,,,,,,,,,,,,,,,
19584,,И,И,CONJ,,,. _И_ вот они такая,и,,,,,,CONJ,И,CONJ,И
19585,,вот,ВОТ,PART,,,И _вот_ они такая разношерстная,т,о,в,,,,PART,ВОТ,PART,Т
19586,,они,ОНИ,SPRO pl - - nom,,,И вот _они_ такая разношерстная толпа,и,н,о,,,,SPRO,ОНИ,SPRO pl - - nom,И
19587,,такая,ТАКОЙ,APRO - nom sg plen f -,,,И вот они _такая_ разношерстная толпа м,я,а,к,а,т,,APRO,ТАКОЙ,A - nom sg plen f -,Й
19588,,разношерстная,РАЗНОШЕРСТНЫЙ,A - nom sg plen f -,,,вот они такая _разношерстная_ толпа м ...,я,а,н,т,с,р,A,РАЗНОШЕРСТНЫЙ,A - nom sg plen f -,Й
19589,,толпа,ТОЛПА,S f inan nom sg,,,они такая разношерстная _толпа_ м ... африканских,а,п,л,о,т,,S,ТОЛПА,S f inan nom sg,А
19590,,м,М,INTJ,,,такая разношерстная толпа _м_ ... африканских детишек,м,,,,,,NONLEX,М,NONLEX,М
19591,,...,...,PUNCT,,,,,,,,,,PUNCT,,,
19592,,африканских,АФРИКАНСКИЙ,A - gen pl plen - -,,,толпа м ... _африканских_ детишек гуляла по,х,и,к,с,н,а,A,АФРИКАНСКИЙ,A - gen pl plen - -,Й
19593,,детишек,ДЕТИШКИ,S - anim gen pl,,,м ... африканских _детишек_ гуляла по ...,к,е,ш,и,т,е,S,ДЕТИШКИ,S - anim gen pl,И
19594,,гуляла,ГУЛЯТЬ,V ipf praet sg indic f -,,,... африканских детишек _гуляла_ по ... по,а,л,я,л,у,г,V,ГУЛЯТЬ,V ipf praet sg indic f -,Ь
19595,,по,ПО,PR,,,африканских детишек гуляла _по_ ... по зоопарку,о,п,,,,,PR,ПО,PR,О
19596,,...,...,PUNCT,,,,,,,,,,PUNCT,,,
19597,,по,ПО,PR,,,гуляла по ... _по_ зоопарку .,о,п,,,,,PR,ПО,PR,О
19598,,зоопарку,ЗООПАРК,S m inan dat sg,,,по ... по _зоопарку_ .,у,к,р,а,п,о,S,ЗООПАРК,S m inan loc sg,К
19599,,.,.,PUNCT,,,,,,,,,,PUNCT,,,
19600,,,,,,,,,,,,,,,,,
19601,# sent = 1436,,,,,,,,,,,,,,,,
19602,,Мы,МЫ,SPRO pl 1p - nom,,,". _Мы_ ходили , смотрели",ы,м,,,,,SPRO,МЫ,SPRO pl 1p - nom,Ы
19603,,ходили,ХОДИТЬ,V ipf praet pl indic - -,,,"Мы _ходили_ , смотрели животных",и,л,и,д,о,х,V,ХОДИТЬ,V ipf praet pl indic - -,Ь
19604,,",",",",PUNCT,,,,,,,,,,PUNCT,,,
19605,,смотрели,СМОТРЕТЬ,V ipf praet pl indic - -,,,"Мы ходили , _смотрели_ животных , и",и,л,е,р,т,о,V,СМОТРЕТЬ,V ipf praet pl indic - -,Ь
19606,,животных,ЖИВОТНОЕ,S n anim acc pl,,,"ходили , смотрели _животных_ , и тут",х,ы,н,т,о,в,S,ЖИВОТНОЕ,S n anim acc pl,Е
19607,,",",",",PUNCT,,,,,,,,,,PUNCT,,,
19608,,и,И,CONJ,,,"смотрели животных , _и_ тут дети нас",и,,,,,,CONJ,И,CONJ,И
19609,,тут,ТУТ,ADV -,,,"животных , и _тут_ дети нас обнаружили",т,у,т,,,,ADV,ТУТ,ADV -,Т
19610,,дети,РЕБЕНОК,S m anim nom pl,,,", и тут _дети_ нас обнаружили .",и,т,е,д,,,S,РЕБЕНОК,S m anim nom pl,К
19611,,нас,МЫ,SPRO pl 1p - acc,,,и тут дети _нас_ обнаружили .,с,а,н,,,,SPRO,МЫ,SPRO pl 1p - loc,Ы
19612,,обнаружили,ОБНАРУЖИТЬ,V pf praet pl indic - -,,,тут дети нас _обнаружили_ .,и,л,и,ж,у,р,V,ОБНАРУЖИТЬ,V pf praet pl indic - -,Ь
19613,,.,.,PUNCT,,,,,,,,,,PUNCT,,,
19614,,,,,,,,,,,,,,,,,
19615,# sent = 1437,,,,,,,,,,,,,,,,
19616,,И,И,CONJ,,,. _И_ я так понимаю,и,,,,,,CONJ,И,CONJ,И
19617,,я,Я,SPRO sg 1p - nom,,,"И _я_ так понимаю ,",я,,,,,,SPRO,Я,SPRO sg 1p - nom,Я
19618,,так,ТАК,ADV -,,,"И я _так_ понимаю , что",к,а,т,,,,ADV,ТАК,ADV -,К
19619,,понимаю,ПОНИМАТЬ,V ipf praes sg indic - 1p,,,"И я так _понимаю_ , что для",ю,а,м,и,н,о,V,ПОНИМАТЬ,V ipf praes sg indic - 1p,Ь
19620,,",",",",PUNCT,,,,,,,,,,PUNCT,,,
19621,,что,ЧТО,CONJ,,,"так понимаю , _что_ для детей тот",о,т,ч,,,,CONJ,ЧТО,CONJ,О
19622,,для,ДЛЯ,PR,,,"понимаю , что _для_ детей тот день",я,л,д,,,,PR,ДЛЯ,PR,Я
19623,,детей,РЕБЕНОК,S m anim gen pl,,,", что для _детей_ тот день тоже",й,е,т,е,д,,S,РЕБЕНОК,S m anim gen pl,К
19624,,тот,ТОТ,APRO - nom sg plen m -,,,что для детей _тот_ день тоже был,т,о,т,,,,APRO,ТОТ,A - nom sg plen m -,Т
19625,,день,ДЕНЬ,S m inan nom sg,,,для детей тот _день_ тоже был памятен,ь,н,е,д,,,S,ДЕНЬ,S m inan nom sg,Ь
19626,,тоже,ТОЖЕ,ADV-,,,"детей тот день _тоже_ был памятен ,",е,ж,о,т,,,PART,ТОЖЕ,PART,Е
19627,,был,БЫТЬ,V ipf praet sg indic m -,,,"тот день тоже _был_ памятен , потому что",л,ы,б,,,,V,БЫТЬ,V ipf praet sg indic m -,Ь
19628,,памятен,ПАМЯТНЫЙ,A - - sg brev m -,,,"день тоже был _памятен_ , потому что они",н,е,т,я,м,а,A,ПАМЯТНЫЙ,A - - sg brev m -,Й
19629,,",",",",PUNCT,,,,,,,,,,PUNCT,,,
19630,,потому что,потому что,CONJ,,,"был памятен , _потому что_ они впервые увидели",о,т,ч,,у,м,CONJ,потому что,CONJ,о
19631,,они,ОНИ,SPRO pl - - nom,,,"памятен , потому что _они_ впервые увидели белых",и,н,о,,,,SPRO,ОНИ,SPRO pl - - nom,И
19632,,впервые,ВПЕРВЫЕ,ADV -,,,", потому что они _впервые_ увидели белых людей",е,ы,в,р,е,п,ADV,ВПЕРВЫЕ,ADV -,Е
19633,,увидели,УВИДЕТЬ,V pf praet pl indic - -,,,потому что они впервые _увидели_ белых людей .,и,л,е,д,и,в,V,УВИДЕТЬ,V pf praet pl indic - -,Ь
19634,,белых,БЕЛЫЙ,A - acc pl plen anim,,,они впервые увидели _белых_ людей .,х,ы,л,е,б,,A,БЕЛЫЙ,A - gen pl plen - -,Й
19635,,людей,ЧЕЛОВЕК,S m anim acc pl,,,впервые увидели белых _людей_ .,й,е,д,ю,л,,S,ЧЕЛОВЕК,S m anim gen pl,К
19636,,.,.,PUNCT,,,,,,,,,,PUNCT,,,
19637,,,,,,,,,,,,,,,,,
19638,# sent = 1438,,,,,,,,,,,,,,,,
19639,"<distinct form=""",,,,,,,,,,,,,,,,
19640,<dist>,э,,,,,,,,,,,,,,,
19641,""">",,,,,,,,,,,,,,,,
19642,,эээ,ЭЭЭ,INTJ,,,"э _эээ_ , африканские",э,э,э,,,,NONLEX,ЭЭЭ,NONLEX,Э
19643,</distinct>,,,,,,,,,,,,,,,,
19644,,",",",",PUNCT,,,,,,,,,,PUNCT,,,
19645,,африканские,АФРИКАНСКИЙ,A - nom pl plen - -,,,"эээ , _африканские_ дети , сами",е,и,к,с,н,а,A,АФРИКАНСКИЙ,A - nom pl plen - -,Й
19646,,дети,РЕБЕНОК,S m anim nom pl,,,", африканские _дети_ , сами понимаете",и,т,е,д,,,S,РЕБЕНОК,S m anim nom pl,К
19647,,",",",",PUNCT,,,,,,,,,,PUNCT,,,
19648,,сами,САМ,SPRO - pl,,,"африканские дети , _сами_ понимаете ,",и,м,а,с,,,A,САМ,A - nom pl plen - -,М
19649,,понимаете,ПОНИМАТЬ,V ipf praes pl indic - 2p,,,"дети , сами _понимаете_ , э",е,т,е,а,м,и,V,ПОНИМАТЬ,V ipf praes pl indic - 2p,Ь
19650,,",",",",PUNCT,,,,,,,,,,PUNCT,,,
19651,"<distinct form=""",,,,,,,,,,,,,,,,
19652,<dist>,э,,,,,,,,,,,,,,,
19653,""">",,,,,,,,,,,,,,,,
19654,,эээ,ЭЭЭ,INTJ,,,"э _эээ_ , черные",э,э,э,,,,NONLEX,ЭЭЭ,NONLEX,Э
19655,</distinct>,,,,,,,,,,,,,,,,
19656,,",",",",PUNCT,,,,,,,,,,PUNCT,,,
19657,,черные,ЧЕРНЫЙ,A - nom pl plen,,,"эээ , _черные_ , и ,",е,ы,н,р,е,ч,A,ЧЕРНЫЙ,A - acc pl plen - inan,Й
19658,,",",",",PUNCT,,,,,,,,,,PUNCT,,,
19659,,и,И,CONJ,,,", черные , _и_ , ммм ,",и,,,,,,CONJ,И,CONJ,И
19660,,",",",",PUNCT,,,,,,,,,,PUNCT,,,
19661,,ммм,МММ,INTJ,,,", и , _ммм_ , ро ...",м,м,м,,,,S,МММ,S n inan loc sg,М
19662,,",",",",PUNCT,,,,,,,,,,PUNCT,,,
19663,,ро,РО,NONLEX,distort,,", ммм , _ро_ ... мм ...",о,р,,,,,NONLEX,РО,NONLEX,О
19664,,...,...,PUNCT,,,,,,,,,,PUNCT,,,
19665,,мм,ММ,INTJ,,,", ро ... _мм_ ... белые взрослые",м,м,,,,,INTJ,ММ,INTJ,М
19666,,...,...,PUNCT,,,,,,,,,,PUNCT,,,
19667,,белые,БЕЛЫЙ,A - nom pl plen - -,,,... мм ... _белые_ взрослые люди были,е,ы,л,е,б,,A,БЕЛЫЙ,A - nom pl plen - -,Й
19668,,взрослые,ВЗРОСЛЫЙ,A - nom pl plen - -,,,мм ... белые _взрослые_ люди были для,е,ы,л,с,о,р,A,ВЗРОСЛЫЙ,A - nom pl plen - -,Й
19669,,люди,ЧЕЛОВЕК,S m anim nom pl,,,... белые взрослые _люди_ были для них,и,д,ю,л,,,S,ЧЕЛОВЕК,S m anim nom pl,К
19670,,были,БЫТЬ,V ipf praet pl indic - -,,,белые взрослые люди _были_ для них в,и,л,ы,б,,,V,БЫТЬ,V ipf praet pl indic - -,Ь
19671,,для,ДЛЯ,PR,,,взрослые люди были _для_ них в ди,я,л,д,,,,PR,ДЛЯ,PR,Я
19672,,них,ОНИ,SPRO pl - - gen,,,люди были для _них_ в ди ...,х,и,н,,,,SPRO,ОНИ,SPRO pl - - loc,И
19673,,в,В,PR,,,были для них _в_ ди ... диковинку,в,,,,,,PR,В,PR,В
19674,,ди,ДИКОВИНКА,S -f sg inan acc2,distort,,для них в _ди_ ... диковинку .,и,д,,,,,NONLEX,ДИ,NONLEX,А
19675,,...,...,PUNCT,,,,,,,,,,PUNCT,,,
19676,,диковинку,ДИКОВИНКА,S f inan acc2 sg,,,в ди ... _диковинку_ .,у,к,н,и,в,о,S,ДИКОВИНКА,S f inan acc sg,А
19677,,.,.,PUNCT,,,,,,,,,,PUNCT,,,
19678,,,,,,,,,,,,,,,,,
19679,# sent = 1439,,,,,,,,,,,,,,,,
19680,,Когда,КОГДА,CONJ,,,. _Когда_ мы подходили к,а,д,г,о,к,,CONJ,КОГДА,CONJ,А
19681,,мы,МЫ,SPRO pl 1p - nom,,,Когда _мы_ подходили к кле,ы,м,,,,,SPRO,МЫ,SPRO pl 1p - nom,Ы
19682,,подходили,ПОДХОДИТЬ,V ipf praet pl indic - -,,,Когда мы _подходили_ к кле ...,и,л,и,д,о,х,V,ПОДХОДИТЬ,V ipf praet pl indic - -,Ь
19683,,к,К,PR,,,Когда мы подходили _к_ кле ... ну,к,,,,,,PR,К,PR,К
19684,,кле,КЛЕТКА,S - dat sg f inan,distort,,мы подходили к _кле_ ... ну к,е,л,к,,,,NONLEX,КЛЕ,NONLEX,А
19685,,...,...,PUNCT,,,,,,,,,,PUNCT,,,
19686,,ну,НУ,PART,,,к кле ... _ну_ к клетке или,у,н,,,,,PART,НУ,PART,У
19687,,к,К,PR,,,кле ... ну _к_ клетке или там,к,,,,,,PR,К,PR,К
19688,,клетке,КЛЕТКА,S f inan loc sg,,,... ну к _клетке_ или там к,е,к,т,е,л,к,S,КЛЕТКА,S f inan loc sg,А
19689,,или,ИЛИ,CONJ,,,ну к клетке _или_ там к ограждению,и,л,и,,,,CONJ,ИЛИ,CONJ,И
19690,,там,ТАМ,ADV -,,,к клетке или _там_ к ограждению с,м,а,т,,,,ADV,ТАМ,ADV -,М
19691,,к,К,PR,,,клетке или там _к_ ограждению с каким-нибудь,к,,,,,,PR,К,PR,К
19692,,ограждению,ОГРАЖДЕНИЕ,S n inan dat sg,,,или там к _ограждению_ с каким-нибудь животным,ю,и,н,е,д,ж,S,ОГРАЖДЕНИЕ,S f inan acc sg,Е
19693,,с,С,PR,,,"там к ограждению _с_ каким-нибудь животным ,",с,,,,,,PR,С,PR,С
19694,,каким-нибудь,КАКОЙ-НИБУДЬ,APRO - ins sg plen m -,,,"к ограждению с _каким-нибудь_ животным , эээ",ь,д,у,б,и,н,APRO,КАКОЙ-НИБУДЬ,A - ins sg plen m -,Ь
19695,,животным,ЖИВОТНОЕ,S n anim ins sg,,,"ограждению с каким-нибудь _животным_ , эээ ,",м,ы,н,т,о,в,S,ЖИВОТНОЕ,S n anim dat pl,Е
19696,,",",",",PUNCT,,,,,,,,,,PUNCT,,,
19697,,эээ,ЭЭЭ,INTJ,,,"каким-нибудь животным , _эээ_ , дети ,",э,э,э,,,,NONLEX,ЭЭЭ,NONLEX,Э
19698,,",",",",PUNCT,,,,,,,,,,PUNCT,,,
19699,,дети,РЕБЕНОК,S m anim nom pl,,,", эээ , _дети_ , эээ ,",и,т,е,д,,,S,РЕБЕНОК,S m anim nom pl,К
19700,,",",",",PUNCT,,,,,,,,,,PUNCT,,,
19701,,эээ,ЭЭЭ,INTJ,,,", дети , _эээ_ , не смотрели",э,э,э,,,,NONLEX,ЭЭЭ,NONLEX,Э
19702,,",",",",PUNCT,,,,,,,,,,PUNCT,,,
19703,,не,НЕ,PART,,,", эээ , _не_ смотрели на животных",е,н,,,,,PART,НЕ,PART,Е
19704,,смотрели,СМОТРЕТЬ,V ipf praet pl indic - -,,,"эээ , не _смотрели_ на животных ,",и,л,е,р,т,о,V,СМОТРЕТЬ,V ipf praet pl indic - -,Ь
19705,,на,НА,PR,,,", не смотрели _на_ животных , они",а,н,,,,,PR,НА,PR,А
19706,,животных,ЖИВОТНОЕ,S n anim gen pl,,,"не смотрели на _животных_ , они обступали",х,ы,н,т,о,в,S,ЖИВОТНОЕ,S n anim gen pl,Е
19707,,",",",",PUNCT,,,,,,,,,,PUNCT,,,
19708,,они,ОНИ,SPRO pl - - nom,,,"на животных , _они_ обступали нас со",и,н,о,,,,SPRO,ОНИ,SPRO pl - - nom,И
19709,,обступали,ОБСТУПАТЬ,V ipf praet pl indic - -,,,"животных , они _обступали_ нас со всех",и,л,а,п,у,т,V,ОБСТУПАТЬ,V ipf praet pl indic - -,Ь
19710,,нас,МЫ,SPRO pl 1p - acc,,,", они обступали _нас_ со всех сторон",с,а,н,,,,SPRO,МЫ,SPRO pl 1p - loc,Ы
19711,,со,СО,PR,,,"они обступали нас _со_ всех сторон ,",о,с,,,,,PR,СО,PR,О
19712,,всех,ВЕСЬ,APRO - gen pl plen - -,,,"обступали нас со _всех_ сторон , раскрыв",х,е,с,в,,,APRO,ВЕСЬ,A - gen pl plen - -,Ь
19713,,сторон,СТОРОНА,S f inan gen pl,,,"нас со всех _сторон_ , раскрыв рты",н,о,р,о,т,с,S,СТОРОНА,S f inan gen pl,А
19714,,",",",",PUNCT,,,,,,,,,,PUNCT,,,
19715,,раскрыв,РАСКРЫТЬ,V pf praet - ger - -,,,"всех сторон , _раскрыв_ рты , там",в,ы,р,к,с,а,V,РАСКРЫТЬ,V pf praet - ger - -,Ь
19716,,рты,РОТ,S m inan acc pl,,,"сторон , раскрыв _рты_ , там высунув",ы,т,р,,,,S,РОТ,S m inan acc pl,Т
19717,,",",",",PUNCT,,,,,,,,,,PUNCT,,,
19718,,там,ТАМ,ADV -,,,"раскрыв рты , _там_ высунув язык ,",м,а,т,,,,ADV,ТАМ,ADV -,М
19719,,высунув,ВЫСУНУТЬ,V pf praet - ger - -,,,"рты , там _высунув_ язык , они",в,у,н,у,с,ы,V,ВЫСУНУТЬ,V pf praet - ger - -,Ь
19720,,язык,ЯЗЫК,S m inan acc sg,,,", там высунув _язык_ , они пытались",к,ы,з,я,,,S,ЯЗЫК,S m inan nom sg,К
19721,,",",",",PUNCT,,,,,,,,,,PUNCT,,,
19722,,они,ОНИ,SPRO pl - - nom,,,"высунув язык , _они_ пытались нас потрогать",и,н,о,,,,SPRO,ОНИ,SPRO pl - - nom,И
19723,,пытались,ПЫТАТЬСЯ,V ipf praet pl indic - -,,,"язык , они _пытались_ нас потрогать .",ь,с,и,л,а,т,V,ПЫТАТЬСЯ,V ipf praet pl indic - -,Я
19724,,нас,МЫ,SPRO pl 1p - acc,,,", они пытались _нас_ потрогать .",с,а,н,,,,SPRO,МЫ,SPRO pl 1p - loc,Ы
19725,,потрогать,ПОТРОГАТЬ,V pf - - inf - -,,,они пытались нас _потрогать_ .,ь,т,а,г,о,р,V,ПОТРОГАТЬ,V pf - - inf - -,Ь
19726,,.,.,PUNCT,,,,,,,,,,PUNCT,,,
19727,,,,,,,,,,,,,,,,,
19728,# sent = 1440,,,,,,,,,,,,,,,,
19729,,Вот,ВОТ,PART,,,. _Вот_ я в тот,т,о,в,,,,PART,ВОТ,PART,Т
19730,,я,Я,SPRO sg 1p - nom,,,Вот _я_ в тот момент,я,,,,,,SPRO,Я,SPRO sg 1p - nom,Я
19731,,в,В,PR,,,"Вот я _в_ тот момент ,",в,,,,,,PR,В,PR,В
19732,,тот,ТОТ,APRO - acc sg plen m inan,,,"Вот я в _тот_ момент , вот",т,о,т,,,,APRO,ТОТ,A - acc sg plen m inan,Т
19733,,момент,МОМЕНТ,S m inan acc sg,,,"я в тот _момент_ , вот это",т,н,е,м,о,м,S,МОМЕНТ,S m inan acc sg,Т
19734,,",",",",PUNCT,,,,,,,,,,PUNCT,,,
19735,,вот,ВОТ,PART,,,"тот момент , _вот_ это был ,",т,о,в,,,,PART,ВОТ,PART,Т
19736,,это,ЭТО,SPRO n - nom sg,,,"момент , вот _это_ был , наверное",о,т,э,,,,SPRO,ЭТО,S n - nom sg,О
19737,,был,БЫТЬ,V ipf praet sg indic n -,,,", вот это _был_ , наверное ,",л,ы,б,,,,V,БЫТЬ,V ipf praet sg indic m -,Ь
19738,,",",",",PUNCT,,,,,,,,,,PUNCT,,,
19739,,наверное,НАВЕРНОЕ,ADV -,,,"это был , _наверное_ , единственный случай",е,о,н,р,е,в,ADV,НАВЕРНОЕ,ADV -,Е
19740,,",",",",PUNCT,,,,,,,,,,PUNCT,,,
19741,,единственный,ЕДИНСТВЕННЫЙ,A - nom sg plen m -,,,", наверное , _единственный_ случай , когда",й,ы,н,н,е,в,A,ЕДИНСТВЕННЫЙ,A - nom sg plen m -,Й
19742,,случай,СЛУЧАЙ,S m inan nom sg,,,"наверное , единственный _случай_ , когда я",й,а,ч,у,л,с,S,СЛУЧАЙ,S m inan nom sg,Й
19743,,",",",",PUNCT,,,,,,,,,,PUNCT,,,
19744,,когда,КОГДА,CONJ,,,"единственный случай , _когда_ я чувствовала себя",а,д,г,о,к,,CONJ,КОГДА,CONJ,А
19745,,я,Я,SPRO sg 1p - nom,,,"случай , когда _я_ чувствовала себя ммм",я,,,,,,SPRO,Я,SPRO sg 1p - nom,Я
19746,,чувствовала,ЧУВСТВОВАТЬ,V ipf praet sg indic f -,,,", когда я _чувствовала_ себя ммм заморской",а,л,а,в,о,в,V,ЧУВСТВОВАТЬ,V ipf praet sg indic f -,Ь
19747,,себя,СЕБЯ,SPRO - - - acc,,,когда я чувствовала _себя_ ммм заморской зверюшкой,я,б,е,с,,,SPRO,СЕБЯ,SPRO - - - acc,Я
19748,,ммм,МММ,INTJ,,,"я чувствовала себя _ммм_ заморской зверюшкой ,",м,м,м,,,,S,МММ,S n inan loc sg,М
19749,,заморской,ЗАМОРСКИЙ,A - ins sg f -,,,"чувствовала себя ммм _заморской_ зверюшкой , которую",й,о,к,с,р,о,A,ЗАМОРСКИЙ,A - gen sg plen f -,Й
19750,,зверюшкой,ЗВЕРЮШКА,S - f anim ins sg,,,"себя ммм заморской _зверюшкой_ , которую посадили",й,о,к,ш,ю,р,S,ЗВЕРЮШКА,S - anim ins sg,А
19751,,",",",",PUNCT,,,,,,,,,,PUNCT,,,
19752,,которую,КОТОРЫЙ,APRO - acc sg plen f -,,,"заморской зверюшкой , _которую_ посадили в клетку",ю,у,р,о,т,о,APRO,КОТОРЫЙ,A - acc sg plen f -,Й
19753,,посадили,ПОСАДИТЬ,V pf praet sg indic f -,,,"зверюшкой , которую _посадили_ в клетку и",и,л,и,д,а,с,V,ПОСАДИТЬ,V pf praet pl indic - -,Ь
19754,,в,В,PR,,,", которую посадили _в_ клетку и вот",в,,,,,,PR,В,PR,В
19755,,клетку,КЛЕТКА,S f inan acc sg,,,которую посадили в _клетку_ и вот эм,у,к,т,е,л,к,S,КЛЕТКА,S f inan acc sg,А
19756,,и,И,CONJ,,,посадили в клетку _и_ вот эм не,и,,,,,,CONJ,И,CONJ,И
19757,,вот,ВОТ,PART,,,в клетку и _вот_ эм не знают,т,о,в,,,,PART,ВОТ,PART,Т
19758,,эм,ЭМ,INTJ,,,"клетку и вот _эм_ не знают ,",м,э,,,,,INTJ,ЭМ,S n inan nonflex -,М
19759,,не,НЕ,PART,,,"и вот эм _не_ знают ,",е,н,,,,,PART,НЕ,PART,Е
19760,,знают,ЗНАТЬ,V ipf praes pl indic - 3p,,,"вот эм не _знают_ , че",т,ю,а,н,з,,V,ЗНАТЬ,V ipf praes pl indic - 3p,Ь
19761,,",",",",PUNCT,,,,,,,,,,PUNCT,,,
19762,"<distinct form=""",,,,,,,,,,,,,,,,
19763,<dist>,че,,,,,,,,,,,,,,,
19764,""">",,,,,,,,,,,,,,,,
19765,,что,ЧТО,CONJ,,,че _что_ с ней,о,т,ч,,,,CONJ,ЧТО,CONJ,О
19766,</distinct>,,,,,,,,,,,,,,,,
19767,,с,С,PR,,,что _с_ ней делать .,с,,,,,,PR,С,PR,С
19768,,ней,ОНА,SPRO sg 3p f ins,,,что с _ней_ делать .,й,е,н,,,,SPRO,ОНА,SPRO sg 3p f loc,А
19769,,делать,ДЕЛАТЬ,V ipf - - inf - -,,,с ней _делать_ .,ь,т,а,л,е,д,V,ДЕЛАТЬ,V ipf - - inf - -,Ь
19770,,.,.,PUNCT,,,,,,,,,,PUNCT,,,
19771,,,,,,,,,,,,,,,,,
19772,# sent = 1441,,,,,,,,,,,,,,,,
19773,,Они,ОНИ,SPRO pl - - nom,,,. _Они_ подходили к нам,и,н,о,,,,SPRO,ОНИ,SPRO pl - - nom,И
19774,,подходили,ПОДХОДИТЬ,V ipf praet pl indic - -,,,"Они _подходили_ к нам ,",и,л,и,д,о,х,V,ПОДХОДИТЬ,V ipf praet pl indic - -,Ь
19775,,к,К,PR,,,"Они подходили _к_ нам , они",к,,,,,,PR,К,PR,К
19776,,нам,МЫ,SPRO pl 1p - dat,,,"Они подходили к _нам_ , они ммм",м,а,н,,,,SPRO,МЫ,SPRO pl 1p - dat,Ы
19777,,",",",",PUNCT,,,,,,,,,,PUNCT,,,
19778,,они,ОНИ,SPRO pl - - nom,,,"к нам , _они_ ммм пытались нас",и,н,о,,,,SPRO,ОНИ,SPRO pl - - nom,И
19779,,ммм,МММ,INTJ,,,"нам , они _ммм_ пытались нас потрогать",м,м,м,,,,S,МММ,S n inan loc sg,М
19780,,пытались,ПЫТАТЬСЯ,V ipf praet pl indic - -,,,", они ммм _пытались_ нас потрогать ,",ь,с,и,л,а,т,V,ПЫТАТЬСЯ,V ipf praet pl indic - -,Я
19781,,нас,МЫ,SPRO pl 1p - acc,,,"они ммм пытались _нас_ потрогать , а",с,а,н,,,,SPRO,МЫ,SPRO pl 1p - loc,Ы
19782,,потрогать,ПОТРОГАТЬ,V pf - - inf - -,,,"ммм пытались нас _потрогать_ , а самая",ь,т,а,г,о,р,V,ПОТРОГАТЬ,V pf - - inf - -,Ь
19783,,",",",",PUNCT,,,,,,,,,,PUNCT,,,
19784,,а,А,CONJ,,,"нас потрогать , _а_ самая храбрая девочка",а,,,,,,CONJ,А,CONJ,А
19785,,самая,САМЫЙ,APRO - nom sg f -,,,"потрогать , а _самая_ храбрая девочка даже",я,а,м,а,с,,A,САМЫЙ,A - nom sg plen f -,Й
19786,,храбрая,ХРАБРЫЙ,A - nom sg plen f -,,,", а самая _храбрая_ девочка даже подошла",я,а,р,б,а,р,A,ХРАБРЫЙ,A - nom sg plen f -,Й
19787,,девочка,ДЕВОЧКА,S f anim nom sg,,,а самая храбрая _девочка_ даже подошла и,а,к,ч,о,в,е,S,ДЕВОЧКА,S f anim nom sg,А
19788,,даже,ДАЖЕ,PART,,,самая храбрая девочка _даже_ подошла и вот,е,ж,а,д,,,PART,ДАЖЕ,CONJ,Е
19789,,подошла,ПОДОЙТИ,V pf praet sg indic f -,,,храбрая девочка даже _подошла_ и вот ммм,а,л,ш,о,д,о,V,ПОДОЙТИ,V pf praet sg indic f -,И
19790,,и,И,CONJ,,,"девочка даже подошла _и_ вот ммм ,",и,,,,,,CONJ,И,CONJ,И
19791,,вот,ВОТ,PART,,,"даже подошла и _вот_ ммм , кокетничая",т,о,в,,,,PART,ВОТ,PART,Т
19792,,ммм,МММ,INTJ,,,"подошла и вот _ммм_ , кокетничая ,",м,м,м,,,,S,МММ,S n inan loc sg,М
19793,,",",",",PUNCT,,,,,,,,,,PUNCT,,,
19794,,кокетничая,КОКЕТНИЧАТЬ,V ipf praes - ger - -,,,"вот ммм , _кокетничая_ , попыталась с",я,а,ч,и,н,т,V,КОКЕТНИЧАТЬ,V ipf praes - ger - -,Ь
19795,,",",",",PUNCT,,,,,,,,,,PUNCT,,,
19796,,попыталась,ПОПЫТАТЬСЯ,V pf praet sg indic f -,,,", кокетничая , _попыталась_ с нами заговорить",ь,с,а,л,а,т,V,ПОПЫТАТЬСЯ,V pf praet sg indic f -,Я
19797,,с,С,PR,,,"кокетничая , попыталась _с_ нами заговорить ,",с,,,,,,PR,С,PR,С
19798,,нами,МЫ,SPRO pl 1p - ins,,,", попыталась с _нами_ заговорить , там",и,м,а,н,,,SPRO,МЫ,SPRO pl 1p - ins,Ы
19799,,заговорить,ЗАГОВОРИТЬ,V pf - - inf - -,,,"попыталась с нами _заговорить_ , там сказав",ь,т,и,р,о,в,V,ЗАГОВОРИТЬ,V pf - - inf - -,Ь
19800,,",",",",PUNCT,,,,,,,,,,PUNCT,,,
19801,,там,ТАМ,PART,,,"нами заговорить , _там_ сказав , ее",м,а,т,,,,PART,ТАМ,PART,М
19802,,сказав,СКАЗАТЬ,V pf praet - ger - -,,,"заговорить , там _сказав_ , ее так-то",в,а,з,а,к,с,V,СКАЗАТЬ,V pf praet - ger - -,Ь
19803,,",",",",PUNCT,,,,,,,,,,PUNCT,,,
19804,,ее,ОНА,SPRO sg 3p f acc,,,"там сказав , _ее_ так-то зовут ,",е,е,,,,,SPRO,ОНА,SPRO sg 3p f acc,А
19805,,так-то,ТАК-ТО,ADVPRO-,,,"сказав , ее _так-то_ зовут , ей",о,т,-,к,а,т,PART,ТАК-ТО,PART,О
19806,,зовут,ЗВАТЬ,V ipf praes pl indic - 3p,,,", ее так-то _зовут_ , ей столько",т,у,в,о,з,,V,ЗВАТЬ,V ipf praes pl indic - 3p,Ь
19807,,",",",",PUNCT,,,,,,,,,,PUNCT,,,
19808,,ей,ОНА,SPRO sg 3p f dat,,,"так-то зовут , _ей_ столько - то",й,е,,,,,SPRO,ОНА,SPRO sg 3p f dat,А
19809,,столько,СТОЛЬКО,ADV-,слитно,,"зовут , ей _столько_ - то лет",о,к,ь,л,о,т,NUM,СТОЛЬКО,NUM acc - -,О
19810,,-,-,PUNCT,,,,,,,,,,PUNCT,,,
19811,,то,ТО,PART,слитно,,"ей столько - _то_ лет , вот",о,т,,,,,PART,ТО,CONJ,О
19812,,лет,ГОД,S m inan gen pl,,,"столько - то _лет_ , вот ей",т,е,л,,,,S,ГОД,S m inan gen pl,Д
19813,,",",",",PUNCT,,,,,,,,,,PUNCT,,,
19814,,вот,ВОТ,PART,,,"то лет , _вот_ ей иии ,",т,о,в,,,,PART,ВОТ,PART,Т
19815,,ей,ОНА,SPRO sg 3p f dat,,,"лет , вот _ей_ иии , и",й,е,,,,,SPRO,ОНА,SPRO sg 3p f dat,А
19816,,иии,И,CONJ,distort,,", вот ей _иии_ , и в",и,и,и,,,,CONJ,ИИИ,S m inan gen sg,И
19817,,",",",",PUNCT,,,,,,,,,,PUNCT,,,
19818,,и,И,CONJ,,,"ей иии , _и_ в общем ммм",и,,,,,,CONJ,И,CONJ,И
19819,,в,В,PR,,,"иии , и _в_ общем ммм как",в,,,,,,PR,В,PR,В
19820,,общем,ОБЩИЙ,PARENTH-,,,", и в _общем_ ммм как вы",м,е,щ,б,о,,A,ОБЩИЙ,A - loc sg plen m -,Й
19821,,ммм,МММ,INTJ,,,и в общем _ммм_ как вы живете,м,м,м,,,,S,МММ,S n inan loc sg,М
19822,,как,КАК,ADV -,,,"в общем ммм _как_ вы живете ,",к,а,к,,,,ADV,КАК,ADV -,К
19823,,вы,ВЫ,SPRO pl 2p - nom,,,"общем ммм как _вы_ живете , она",ы,в,,,,,SPRO,ВЫ,SPRO pl 2p - nom,Ы
19824,,живете,ЖИТЬ,V ipf praes pl indic - 2p,,,"ммм как вы _живете_ , она попыталась",е,т,е,в,и,ж,V,ЖИТЬ,V ipf praes pl indic - 2p,Ь
19825,,",",",",PUNCT,,,,,,,,,,PUNCT,,,
19826,,она,ОНА,SPRO sg 3p f nom,,,"вы живете , _она_ попыталась сказать .",а,н,о,,,,SPRO,ОНА,SPRO sg 3p f nom,А
19827,,попыталась,ПОПЫТАТЬСЯ,V pf praet sg indic f -,,,"живете , она _попыталась_ сказать .",ь,с,а,л,а,т,V,ПОПЫТАТЬСЯ,V pf praet sg indic f -,Я
19828,,сказать,СКАЗАТЬ,V pf - - inf - -,,,", она попыталась _сказать_ .",ь,т,а,з,а,к,V,СКАЗАТЬ,V pf - - inf - -,Ь
19829,,.,.,PUNCT,,,,,,,,,,PUNCT,,,
19830,,,,,,,,,,,,,,,,,
19831,# sent = 1442,,,,,,,,,,,,,,,,
19832,,И,И,CONJ,,,. _И_ потом когда мы,и,,,,,,CONJ,И,CONJ,И
19833,,потом,ПОТОМ,ADV -,,,И _потом_ когда мы за,м,о,т,о,п,,ADV,ПОТОМ,ADV -,М
19834,,когда,КОГДА,CONJ,,,И потом _когда_ мы за ней,а,д,г,о,к,,CONJ,КОГДА,CONJ,А
19835,,мы,МЫ,SPRO pl 1p - nom,,,И потом когда _мы_ за ней наблюдали,ы,м,,,,,SPRO,МЫ,SPRO pl 1p - nom,Ы
19836,,за,ЗА,PR,,,потом когда мы _за_ ней наблюдали со стороны,а,з,,,,,PR,ЗА,PR,А
19837,,ней,ОНА,SPRO sg 3p f ins,,,"когда мы за _ней_ наблюдали со стороны ,",й,е,н,,,,SPRO,ОНА,SPRO sg 3p f loc,А
19838,,наблюдали,НАБЛЮДАТЬ,V ipf praet pl indic - -,,,"мы за ней _наблюдали_ со стороны , было",и,л,а,д,ю,л,V,НАБЛЮДАТЬ,V ipf praet pl indic - -,Ь
19839,,со стороны,со стороны,PR,,,"за ней наблюдали _со стороны_ , было видно",ы,н,о,р,о,т,PR,со стороны,PR,ы
19840,,",",",",PUNCT,,,,,,,,,,PUNCT,,,
19841,,было,БЫТЬ,V ipf praet sg indic n -,,,"наблюдали со стороны , _было_ видно , что",о,л,ы,б,,,V,БЫТЬ,V ipf praet sg indic n -,Ь
19842,,видно,ВИДНО,ADV -,,,"со стороны , было _видно_ , что она",о,н,д,и,в,,ADV,ВИДНО,ADV -,О
19843,,",",",",PUNCT,,,,,,,,,,PUNCT,,,
19844,,что,ЧТО,CONJ,,,"было видно , _что_ она была героиней",о,т,ч,,,,CONJ,ЧТО,CONJ,О
19845,,она,ОНА,SPRO sg 3p f nom,,,"видно , что _она_ была героиней в",а,н,о,,,,SPRO,ОНА,SPRO sg 3p f nom,А
19846,,была,БЫТЬ,V ipf praet sg indic f -,,,", что она _была_ героиней в ...",а,л,ы,б,,,V,БЫТЬ,V ipf praet sg indic f -,Ь
19847,,героиней,ГЕРОИНЯ,S f anim ins sg,,,что она была _героиней_ в ... с,й,е,н,и,о,р,S,ГЕРОИНЯ,S f anim ins sg,Я
19848,,в,В,PR,,,она была героиней _в_ ... с .,в,,,,,,PR,В,PR,В
19849,,...,...,PUNCT,,,,,,,,,,PUNCT,,,
19850,,с,С,PR,,,героиней в ... _с_ .,с,,,,,,PR,С,S - - nonflex -,С
19851,,.,.,PUNCT,,,,,,,,,,PUNCT,,,
19852,,,,,,,,,,,,,,,,,
19853,# sent = 1443,,,,,,,,,,,,,,,,
19854,,.,.,PUNCT,,,,,,,,,,PUNCT,,,
19855,,в,В,PR,,,. _в_ толпе своих школьников,в,,,,,,PR,В,PR,В
19856,,толпе,ТОЛПА,S f inan loc sg,,,". в _толпе_ своих школьников ,",е,п,л,о,т,,S,ТОЛПА,S f inan loc sg,А
19857,,своих,СВОЙ,APRO - gen pl plen - -,,,". в толпе _своих_ школьников , потому что",х,и,о,в,с,,APRO,СВОЙ,A - gen pl plen - -,Й
19858,,школьников,ШКОЛЬНИК,S m anim gen pl,,,"в толпе своих _школьников_ , потому что вот",в,о,к,и,н,ь,S,ШКОЛЬНИК,S m anim gen pl,К
19859,,",",",",PUNCT,,,,,,,,,,PUNCT,,,
19860,,потому что,потому что,CONJ,,,"своих школьников , _потому что_ вот плечи расправлены",о,т,ч,,у,м,CONJ,потому что,CONJ,о
19861,,вот,ВОТ,PART,,,"школьников , потому что _вот_ плечи расправлены ,",т,о,в,,,,PART,ВОТ,PART,Т
19862,,плечи,ПЛЕЧО,S n inan nom pl,,,", потому что вот _плечи_ расправлены , она",и,ч,е,л,п,,S,ПЛЕЧО,S n inan acc pl,О
19863,,расправлены,РАСПРАВИТЬ,PARTCP pf praet - pl brev - pass -,,,"потому что вот плечи _расправлены_ , она шествует",ы,н,е,л,в,а,PARTCP,РАСПРАВИТЬ,PARTCP pf praet - pl brev - pass -,Ь
19864,,",",",",PUNCT,,,,,,,,,,PUNCT,,,
19865,,она,ОНА,SPRO sg 3p f nom,,,"плечи расправлены , _она_ шествует важно ,",а,н,о,,,,SPRO,ОНА,SPRO sg 3p f nom,А
19866,,шествует,ШЕСТВОВАТЬ,V ipf praes sg indic - 3p,,,"расправлены , она _шествует_ важно , в",т,е,у,в,т,с,V,ШЕСТВОВАТЬ,V ipf praes sg indic - 3p,Ь
19867,,важно,ВАЖНО,ADV -,,,", она шествует _важно_ , в спокойствии",о,н,ж,а,в,,ADV,ВАЖНО,ADV -,О
19868,,",",",",PUNCT,,,,,,,,,,PUNCT,,,
19869,,в,В,PR,,,"шествует важно , _в_ спокойствии чинном ,",в,,,,,,PR,В,PR,В
19870,,спокойствии,СПОКОЙСТВИЕ,S n inan loc sg,,,"важно , в _спокойствии_ чинном , и",и,и,в,т,с,й,S,СПОКОЙСТВИЕ,S n inan loc sg,Е
19871,,чинном,ЧИННЫЙ,A - loc sg plen m -,,,", в спокойствии _чинном_ , и ммм",м,о,н,н,и,ч,A,ЧИННЫЙ,A - gen sg plen m -,Й
19872,,",",",",PUNCT,,,,,,,,,,PUNCT,,,
19873,,и,И,CONJ,,,"спокойствии чинном , _и_ ммм дети на",и,,,,,,CONJ,И,CONJ,И
19874,,ммм,МММ,INTJ,,,"чинном , и _ммм_ дети на нее",м,м,м,,,,S,МММ,S n inan loc sg,М
19875,,дети,РЕБЕНОК,S m anim nom pl,,,", и ммм _дети_ на нее смотрят",и,т,е,д,,,S,РЕБЕНОК,S m anim nom pl,К
19876,,на,НА,PR,,,"и ммм дети _на_ нее смотрят ,",а,н,,,,,PR,НА,PR,А
19877,,нее,ОНА,SPRO sg 3p f acc,,,"ммм дети на _нее_ смотрят , вот",е,е,н,,,,SPRO,ОНА,SPRO sg 3p f acc,А
19878,,смотрят,СМОТРЕТЬ,V ipf praes pl indic - 3p,,,"дети на нее _смотрят_ , вот мол",т,я,р,т,о,м,V,СМОТРЕТЬ,V ipf praes pl indic - 3p,Ь
19879,,",",",",PUNCT,,,,,,,,,,PUNCT,,,
19880,,вот,ВОТ,PART,,,"нее смотрят , _вот_ мол да повезло",т,о,в,,,,PART,ВОТ,PART,Т
19881,,мол,МОЛ,PART,,,"смотрят , вот _мол_ да повезло тебе",л,о,м,,,,PART,МОЛ,PART,Л
19882,,да,ДА,PART,,,", вот мол _да_ повезло тебе ,",а,д,,,,,PART,ДА,PART,А
19883,,повезло,ПОВЕЗТИ,V pf praet sg indic n -,,,"вот мол да _повезло_ тебе , аж",о,л,з,е,в,о,V,ПОВЕЗТИ,V pf praet sg indic n -,И
19884,,тебе,ТЫ,SPRO sg 2p - dat,,,"мол да повезло _тебе_ , аж видела",е,б,е,т,,,SPRO,ТЫ,SPRO sg 2p - dat,Ы
19885,,",",",",PUNCT,,,,,,,,,,PUNCT,,,
19886,,аж,АЖ,PART,,,"повезло тебе , _аж_ видела белых и",ж,а,,,,,PART,АЖ,PART,Ж
19887,,видела,ВИДЕТЬ,V ipf praet sg indic f -,,,"тебе , аж _видела_ белых и ...",а,л,е,д,и,в,V,ВИДЕТЬ,V ipf praet sg indic f -,Ь
19888,,белых,БЕЛЫЙ,S - acc pl - anim,,,", аж видела _белых_ и ... и",х,ы,л,е,б,,A,БЕЛЫЙ,A - acc pl plen - anim,Й
19889,,и,И,CONJ,,,аж видела белых _и_ ... и разговаривала,и,,,,,,CONJ,И,CONJ,И
19890,,...,...,PUNCT,,,,,,,,,,PUNCT,,,
19891,,и,И,CONJ,,,белых и ... _и_ разговаривала с белыми,и,,,,,,CONJ,И,CONJ,И
19892,,разговаривала,РАЗГОВАРИВАТЬ,V ipf praet sg indic m -,,,и ... и _разговаривала_ с белыми людьми,а,л,а,в,и,р,V,РАЗГОВАРИВАТЬ,V ipf praet sg indic f -,Ь
19893,,с,С,PR,,,... и разговаривала _с_ белыми людьми .,с,,,,,,PR,С,PR,С
19894,,белыми,БЕЛЫЙ,A - ins pl plen - -,,,и разговаривала с _белыми_ людьми .,и,м,ы,л,е,б,A,БЕЛЫЙ,A - ins pl plen - -,Й
19895,,людьми,ЧЕЛОВЕК,S m anim ins pl,,,разговаривала с белыми _людьми_ .,и,м,ь,д,ю,л,S,ЧЕЛОВЕК,S m anim ins pl,К
19896,,.,.,PUNCT,,,,,,,,,,PUNCT,,,
19897,,,,,,,,,,,,,,,,,
19898,# sent = 1444,,,,,,,,,,,,,,,,
19899,,То есть,То есть,CONJ,,,. _То есть_ вот я оказалась,ь,т,с,е,,о,CONJ,То есть,ADV -,ь
19900,,вот,ВОТ,PART,,,То есть _вот_ я оказалась в,т,о,в,,,,PART,ВОТ,PART,Т
19901,,я,Я,SPRO sg 1p - nom,,,То есть вот _я_ оказалась в эпицентре,я,,,,,,SPRO,Я,SPRO sg 1p - nom,Я
19902,,оказалась,ОКАЗАТЬСЯ,V pf praet sg indic n -,,,То есть вот я _оказалась_ в эпицентре таких,ь,с,а,л,а,з,V,ОКАЗАТЬСЯ,V pf praet sg indic f -,Я
19903,,в,В,PR,,,вот я оказалась _в_ эпицентре таких событий,в,,,,,,PR,В,PR,В
19904,,эпицентре,ЭПИЦЕНТР,S m inan loc sg,,,я оказалась в _эпицентре_ таких событий .,е,р,т,н,е,ц,S,ЭПИЦЕНТР,S m inan loc sg,Р
19905,,таких,ТАКОЙ,APRO - gen pl plen - -,,,оказалась в эпицентре _таких_ событий .,х,и,к,а,т,,APRO,ТАКОЙ,A - gen pl plen - -,Й
19906,,событий,СОБЫТИЕ,S n inan gen pl,,,в эпицентре таких _событий_ .,й,и,т,ы,б,о,S,СОБЫТИЕ,S n inan gen pl,Е
19907,,.,.,PUNCT,,,,,,,,,,PUNCT,,,
19908,,,,,,,,,,,,,,,,,
19909,# sent = 1445,,,,,,,,,,,,,,,,
19910,,Долго,ДОЛГО,ADV -,,,. _Долго_ мне еще говорить,о,г,л,о,д,,ADV,ДОЛГО,ADV -,О
19911,,мне,Я,SPRO sg 1p - dat,,,Долго _мне_ еще говорить ?,е,н,м,,,,SPRO,Я,SPRO sg 1p - dat,Я
19912,,еще,ЕЩЕ,ADV -,,,Долго мне _еще_ говорить ?,е,щ,е,,,,ADV,ЕЩЕ,ADV -,Е
19913,,говорить,ГОВОРИТЬ,V ipf - - inf - -,,,Долго мне еще _говорить_ ?,ь,т,и,р,о,в,V,ГОВОРИТЬ,V ipf - - inf - -,Ь
19914,,?,?,PUNCT,,,,,,,,,,PUNCT,,,
19915,,,,,,,,,,,,,,,,,
19916,# sent = 1446,,,,,,,,,,,,,,,,
19917,"<span class=""note"">",,,,,,,,,,,,,,,,
19918,<note>,ну минутку бы,,,,,,,,,,,,,,,
19919,</span>,,,,,,,,,,,,,,,,
19920,,А,А,INTJ,,,"ну минутку бы _А_ , еще минуту",а,,,,,,INTJ,А,S - - nonflex -,А
19921,,",",",",PUNCT,,,,,,,,,,PUNCT,,,
19922,,еще,ЕЩЕ,ADV -,,,"А , _еще_ минуту рассказывать ?",е,щ,е,,,,ADV,ЕЩЕ,ADV -,Е
19923,,минуту,МИНУТА,S f inan acc sg,,,"А , еще _минуту_ рассказывать ?",у,т,у,н,и,м,S,МИНУТА,S f inan acc sg,А
19924,,рассказывать,РАССКАЗЫВАТЬ,V ipf - - inf - -,,,", еще минуту _рассказывать_ ?",ь,т,а,в,ы,з,V,РАССКАЗЫВАТЬ,V ipf - - inf - -,Ь
19925,,?,?,PUNCT,,,,,,,,,,PUNCT,,,
19926,,,,,,,,,,,,,,,,,
19927,# sent = 1447,,,,,,,,,,,,,,,,
19928,"<distinct form=""",,,,,,,,,,,,,,,,
19929,<dist>,от,,,,,,,,,,,,,,,
19930,""">",,,,,,,,,,,,,,,,
19931,,вот,ВОТ,PART,,,"от _вот_ , ну",т,о,в,,,,PART,ВОТ,PART,Т
19932,</distinct>,,,,,,,,,,,,,,,,
19933,,",",",",PUNCT,,,,,,,,,,PUNCT,,,
19934,,ну,НУ,PART,,,"вот , _ну_ ладно , тогда",у,н,,,,,PART,НУ,PART,У
19935,,ладно,ЛАДНО,PART,,,", ну _ладно_ , тогда расскажу",о,н,д,а,л,,PART,ЛАДНО,PART,О
19936,,",",",",PUNCT,,,,,,,,,,PUNCT,,,
19937,,тогда,ТОГДА,ADV -,,,"ну ладно , _тогда_ расскажу про носорога",а,д,г,о,т,,ADV,ТОГДА,ADV -,А
19938,,расскажу,РАССКАЗАТЬ,V pf fut sg indic - 3p,,,"ладно , тогда _расскажу_ про носорога ,",у,ж,а,к,с,с,V,РАССКАЗАТЬ,V pf fut sg indic - 1p,Ь
19939,,про,ПРО,PR,,,", тогда расскажу _про_ носорога , потому что",о,р,п,,,,PR,ПРО,PR,О
19940,,носорога,НОСОРОГ,S m anim acc sg,,,"тогда расскажу про _носорога_ , потому что ,",а,г,о,р,о,с,S,НОСОРОГ,S m anim acc sg,Г
19941,,",",",",PUNCT,,,,,,,,,,PUNCT,,,
19942,,потому что,потому что,CONJ,,,"про носорога , _потому что_ , когда мы",о,т,ч,,у,м,CONJ,потому что,CONJ,о
19943,,",",",",PUNCT,,,,,,,,,,PUNCT,,,
19944,,когда,КОГДА,CONJ,,,", потому что , _когда_ мы подошли к",а,д,г,о,к,,CONJ,КОГДА,CONJ,А
19945,,мы,МЫ,SPRO pl 1p - nom,,,"потому что , когда _мы_ подошли к носорогу",ы,м,,,,,SPRO,МЫ,SPRO pl 1p - nom,Ы
19946,,подошли,ПОДОСЛАТЬ,V pf fut sg indic - 1p,,,", когда мы _подошли_ к носорогу поближе",и,л,ш,о,д,о,V,ПОДОСЛАТЬ,V pf - sg imper - 2p,Ь
19947,,к,К,PR,,,"когда мы подошли _к_ носорогу поближе ,",к,,,,,,PR,К,PR,К
19948,,носорогу,НОСОРОГ,S m anim dat sg,,,"мы подошли к _носорогу_ поближе , обнаружилось",у,г,о,р,о,с,S,НОСОРОГ,S f inan acc sg,Г
19949,,поближе,БЛИЗКО,ADV comp2,,,"подошли к носорогу _поближе_ , обнаружилось ,",е,ж,и,л,б,о,ADV,БЛИЗКО,ADV comp,О
19950,,",",",",PUNCT,,,,,,,,,,PUNCT,,,
19951,,обнаружилось,ОБНАРУЖИТЬСЯ,V pf praet sg indic n -,,,"носорогу поближе , _обнаружилось_ , что это",ь,с,о,л,и,ж,V,ОБНАРУЖИТЬСЯ,V pf praet sg indic n -,Я
19952,,",",",",PUNCT,,,,,,,,,,PUNCT,,,
19953,,что,ЧТО,CONJ,,,", обнаружилось , _что_ это такая машина",о,т,ч,,,,CONJ,ЧТО,CONJ,О
19954,,это,ЭТО,SPRO n - nom sg,,,"обнаружилось , что _это_ такая машина просто",о,т,э,,,,SPRO,ЭТО,S n - nom sg,О
19955,,такая,ТАКОЙ,APRO - nom sg plen f -,,,", что это _такая_ машина просто страшная",я,а,к,а,т,,APRO,ТАКОЙ,A - nom sg plen f -,Й
19956,,машина,МАШИНА,S f inan nom sg,,,"что это такая _машина_ просто страшная ,",а,н,и,ш,а,м,S,МАШИНА,S f inan nom sg,А
19957,,просто,ПРОСТО,PART,,,"это такая машина _просто_ страшная , она",о,т,с,о,р,п,PART,ПРОСТО,PART,О
19958,,страшная,СТРАШНЫЙ,A - nom sg plen f -,,,"такая машина просто _страшная_ , она такая",я,а,н,ш,а,р,A,СТРАШНЫЙ,A - nom sg plen f -,Й
19959,,",",",",PUNCT,,,,,,,,,,PUNCT,,,
19960,,она,ОНА,SPRO sg 3p f nom,,,"просто страшная , _она_ такая , эта",а,н,о,,,,SPRO,ОНА,SPRO sg 3p f nom,А
19961,,такая,ТАКОЙ,APRO - nom sg plen f -,,,"страшная , она _такая_ , эта машина",я,а,к,а,т,,APRO,ТАКОЙ,A - nom sg plen f -,Й
19962,,",",",",PUNCT,,,,,,,,,,PUNCT,,,
19963,,эта,ЭТОТ,APRO - nom sg plen f -,,,"она такая , _эта_ машина , эээ",а,т,э,,,,APRO,ЭТОТ,A - nom sg plen f -,Т
19964,,машина,МАШИНА,S f inan nom sg,,,"такая , эта _машина_ , эээ ,",а,н,и,ш,а,м,S,МАШИНА,S f inan nom sg,А
19965,,",",",",PUNCT,,,,,,,,,,PUNCT,,,
19966,,эээ,ЭЭЭ,INTJ,,,"эта машина , _эээ_ , ужасная и",э,э,э,,,,NONLEX,ЭЭЭ,NONLEX,Э
19967,,",",",",PUNCT,,,,,,,,,,PUNCT,,,
19968,,ужасная,УЖАСНЫЙ,A - nom sg plen f -,,,", эээ , _ужасная_ и эээ ог",я,а,н,с,а,ж,A,УЖАСНЫЙ,A - nom sg plen f -,Й
19969,,и,И,CONJ,,,"эээ , ужасная _и_ эээ ог ...",и,,,,,,CONJ,И,CONJ,И
19970,,эээ,ЭЭЭ,INTJ,,,", ужасная и _эээ_ ог ... огромная",э,э,э,,,,NONLEX,ЭЭЭ,NONLEX,Э
19971,,ог,ОГРОМНЫЙ,A - nom sg plen f -,distort,,ужасная и эээ _ог_ ... огромная ммм,г,о,,,,,NONLEX,ОГ,NONLEX,Й
19972,,...,...,PUNCT,,,,,,,,,,PUNCT,,,
19973,,огромная,ОГРОМНЫЙ,A - nom sg plen f -,,,эээ ог ... _огромная_ ммм огромное животное,я,а,н,м,о,р,A,ОГРОМНЫЙ,A - nom sg plen f -,Й
19974,,ммм,МММ,INTJ,,,"ог ... огромная _ммм_ огромное животное ,",м,м,м,,,,S,МММ,S n inan loc sg,М
19975,,огромное,ОГРОМНЫЙ,A - nom sg plen n -,,,"... огромная ммм _огромное_ животное , опустив",е,о,н,м,о,р,A,ОГРОМНЫЙ,A - nom sg plen n -,Й
19976,,животное,ЖИВОТНОЕ,S n anim nom sg,,,"огромная ммм огромное _животное_ , опустив эээ",е,о,н,т,о,в,S,ЖИВОТНОЕ,S n anim nom sg,Е
19977,,",",",",PUNCT,,,,,,,,,,PUNCT,,,
19978,,опустив,ОПУСТИТЬ,V pf praet pl indic - -,,,"огромное животное , _опустив_ эээ рог ,",в,и,т,с,у,п,V,ОПУСТИТЬ,V pf praet - ger - -,Ь
19979,,эээ,ЭЭЭ,INTJ,,,"животное , опустив _эээ_ рог , на",э,э,э,,,,NONLEX,ЭЭЭ,NONLEX,Э
19980,,рог,РОГ,S m inan acc sg,,,", опустив эээ _рог_ , на тебя",г,о,р,,,,S,РОГ,S m inan acc sg,Г
19981,,",",",",PUNCT,,,,,,,,,,PUNCT,,,
19982,,на,НА,PR,,,"эээ рог , _на_ тебя несется ,",а,н,,,,,PR,НА,PR,А
19983,,тебя,ТЫ,SPRO sg 2p - acc,,,"рог , на _тебя_ несется , эээ",я,б,е,т,,,SPRO,ТЫ,SPRO sg 2p - acc,Ы
19984,,несется,НЕСТИСЬ,V ipf praet pl indic - -,,,", на тебя _несется_ , эээ ,",я,с,т,е,с,е,V,НЕСТИСЬ,V ipf praes sg indic - 3p,Ь
19985,,",",",",PUNCT,,,,,,,,,,PUNCT,,,
19986,,эээ,ЭЭЭ,INTJ,,,"тебя несется , _эээ_ , ну поджилки",э,э,э,,,,NONLEX,ЭЭЭ,NONLEX,Э
19987,,",",",",PUNCT,,,,,,,,,,PUNCT,,,
19988,,ну,НУ,PART,,,", эээ , _ну_ поджилки трясутся на",у,н,,,,,PART,НУ,PART,У
19989,,поджилки,ПОДЖИЛКИ,S - inan nom pl,,,"эээ , ну _поджилки_ трясутся на самом",и,к,л,и,ж,д,S,ПОДЖИЛКИ,S - inan nom pl,И
19990,,трясутся,ТРЯСТИСЬ,V ipf praes pl indic - 3p,,,", ну поджилки _трясутся_ на самом деле",я,с,т,у,с,я,V,ТРЯСТИСЬ,V ipf praes pl indic - 3p,Ь
19991,,на,НА,PR,,,"ну поджилки трясутся _на_ самом деле ,",а,н,,,,,PR,НА,PR,А
19992,,самом,САМЫЙ,APRO - loc sg m,,,"поджилки трясутся на _самом_ деле , потому что",м,о,м,а,с,,A,САМЫЙ,A - loc sg plen n -,Й
19993,,деле,ДЕЛО,S n inan loc sg,,,"трясутся на самом _деле_ , потому что одно",е,л,е,д,,,S,ДЕЛО,S n inan loc sg,О
19994,,",",",",PUNCT,,,,,,,,,,PUNCT,,,
19995,,потому что,потому что,CONJ,,,"самом деле , _потому что_ одно дело в",о,т,ч,,у,м,CONJ,потому что,CONJ,о
19996,,одно,ОДИН,ANUM - nom sg plen n -,,,"деле , потому что _одно_ дело в книжечке",о,н,д,о,,,ANUM,ОДИН,A - nom sg plen n -,Н
19997,,дело,ДЕЛО,S n inan nom sg,,,", потому что одно _дело_ в книжечке посмотреть",о,л,е,д,,,S,ДЕЛО,S n inan nom sg,О
19998,,в,В,PR,,,"потому что одно дело _в_ книжечке посмотреть ,",в,,,,,,PR,В,PR,В
19999,,книжечке,КНИЖЕЧКА,S f inan loc sg,,,"одно дело в _книжечке_ посмотреть , другое",е,к,ч,е,ж,и,S,КНИЖЕЧКА,S f inan loc sg,А
20000,,посмотреть,ПОСМОТРЕТЬ,V pf - - inf - -,,,"дело в книжечке _посмотреть_ , другое дело",ь,т,е,р,т,о,V,ПОСМОТРЕТЬ,V pf - - inf - -,Ь
20001,,",",",",PUNCT,,,,,,,,,,PUNCT,,,
20002,,другое,ДРУГОЙ,APRO - m nom sg,,,"книжечке посмотреть , _другое_ дело вот ...",е,о,г,у,р,д,A,ДРУГОЙ,A - nom sg plen n -,Й
20003,,дело,ДЕЛО,S n inan nom sg,,,"посмотреть , другое _дело_ вот ...",о,л,е,д,,,S,ДЕЛО,S n inan nom sg,О
20004,,вот,ВОТ,PART,,,", другое дело _вот_ ...",т,о,в,,,,PART,ВОТ,PART,Т
20005,,...,...,PUNCT,,,,,,,,,,PUNCT,,,
20006,,,,,,,,,,,,,,,,,
20007,# sent = 1448,,,,,,,,,,,,,,,,
20008,,И,И,CONJ,,,... _И_ хотя мы понимали,и,,,,,,CONJ,И,CONJ,И
20009,,хотя,ХОТЯ,CONJ,,,"И _хотя_ мы понимали ,",я,т,о,х,,,CONJ,ХОТЯ,CONJ,Я
20010,,мы,МЫ,SPRO pl 1p - nom,,,"И хотя _мы_ понимали , что",ы,м,,,,,SPRO,МЫ,SPRO pl 1p - nom,Ы
20011,,понимали,ПОНИМАТЬ,V ipf praet sg indic f -,,,"И хотя мы _понимали_ , что нам",и,л,а,м,и,н,V,ПОНИМАТЬ,V ipf praet pl indic - -,Ь
20012,,",",",",PUNCT,,,,,,,,,,PUNCT,,,
20013,,что,ЧТО,CONJ,,,"мы понимали , _что_ нам носорог ничего",о,т,ч,,,,CONJ,ЧТО,CONJ,О
20014,,нам,МЫ,SPRO pl 1p - dat,,,"понимали , что _нам_ носорог ничего не",м,а,н,,,,SPRO,МЫ,SPRO pl 1p - dat,Ы
20015,,носорог,НОСОРОГ,S m anim nom sg,,,", что нам _носорог_ ничего не сможет",г,о,р,о,с,о,S,НОСОРОГ,S m anim nom sg,Г
20016,,ничего,НИЧТО,SPRO n inan gen sg,,,что нам носорог _ничего_ не сможет сделать,о,г,е,ч,и,н,SPRO,НИЧТО,S n - gen sg,О
20017,,не,НЕ,PART,,,"нам носорог ничего _не_ сможет сделать ,",е,н,,,,,PART,НЕ,PART,Е
20018,,сможет,СМОЧЬ,V pf fut sg indic - 3p,,,"носорог ничего не _сможет_ сделать , он",т,е,ж,о,м,с,V,СМОЧЬ,V pf fut sg indic - 3p,Ь
20019,,сделать,СДЕЛАТЬ,V pf fut pl indic- 1p,,,"ничего не сможет _сделать_ , он до",ь,т,а,л,е,д,V,СДЕЛАТЬ,V pf - - inf - -,Ь
20020,,",",",",PUNCT,,,,,,,,,,PUNCT,,,
20021,,он,ОН,SPRO sg 3p m nom,,,"сможет сделать , _он_ до нас никак",н,о,,,,,SPRO,ОН,SPRO sg 3p m nom,Н
20022,,до,ДО,PR,,,"сделать , он _до_ нас никак не",о,д,,,,,PR,ДО,PR,О
20023,,нас,МЫ,SPRO pl 1p - gen,,,", он до _нас_ никак не дотянется",с,а,н,,,,SPRO,МЫ,SPRO pl 1p - loc,Ы
20024,,никак,НИКАК,ADV -,,,"он до нас _никак_ не дотянется ,",к,а,к,и,н,,ADV,НИКАК,ADV -,К
20025,,не,НЕ,PART,,,"до нас никак _не_ дотянется , никак",е,н,,,,,PART,НЕ,PART,Е
20026,,дотянется,ДОТЯНУТЬСЯ,V pf fut sg indic - 3p,,,"нас никак не _дотянется_ , никак он",я,с,т,е,н,я,V,ДОТЯНУТЬСЯ,V pf fut sg indic - 3p,Я
20027,,",",",",PUNCT,,,,,,,,,,PUNCT,,,
20028,,никак,НИКАК,ADV -,,,"не дотянется , _никак_ он на ..",к,а,к,и,н,,ADV,НИКАК,ADV -,К
20029,,он,ОН,SPRO sg 3p m nom,,,"дотянется , никак _он_ на .. нас",н,о,,,,,SPRO,ОН,SPRO sg 3p m nom,Н
20030,,на,НА,PR,,,", никак он _на_ .. нас не",а,н,,,,,PR,НА,PR,А
20031,,..,..,PUNCT,,,,,,,,,,PUNCT,,,
20032,,нас,МЫ,SPRO pl 1p -acc,,,он на .. _нас_ не .. не,с,а,н,,,,SPRO,МЫ,SPRO pl 1p - loc,Ы
20033,,не,НЕ,PART,,,на .. нас _не_ .. не повредит,е,н,,,,,PART,НЕ,PART,Е
20034,,..,..,PUNCT,,,,,,,,,,PUNCT,,,
20035,,не,НЕ,PART,,,"нас не .. _не_ повредит , но",е,н,,,,,PART,НЕ,PART,Е
20036,,повредит,ПОВРЕДИТЬ,V pf praet - ger - -,,,"не .. не _повредит_ , но стоять",т,и,д,е,р,в,V,ПОВРЕДИТЬ,V pf fut sg indic - 3p,Ь
20037,,",",",",PUNCT,,,,,,,,,,PUNCT,,,
20038,,но,НО,CONJ,,,"не повредит , _но_ стоять рядом с",о,н,,,,,CONJ,НО,CONJ,О
20039,,стоять,СТОЯТЬ,V ipf - - inf - -,,,"повредит , но _стоять_ рядом с ограждением",ь,т,я,о,т,с,V,СТОЯТЬ,V ipf - - inf - -,Ь
20040,,рядом,РЯДОМ,ADV -,,,", но стоять _рядом_ с ограждением было",м,о,д,я,р,,ADV,РЯДОМ,ADV -,М
20041,,с,С,PR,,,но стоять рядом _с_ ограждением было страшно,с,,,,,,PR,С,PR,С
20042,,ограждением,ОГРАЖДЕНИЕ,S n inan ins sg,,,стоять рядом с _ограждением_ было страшно .,м,е,и,н,е,д,S,ОГРАЖДЕНИЕ,S n inan ins sg,Е
20043,,было,БЫТЬ,V pf - - inf - -,,,рядом с ограждением _было_ страшно .,о,л,ы,б,,,V,БЫТЬ,V ipf praet sg indic n -,Ь
20044,,страшно,СТРАШНО,ADV -,,,с ограждением было _страшно_ .,о,н,ш,а,р,т,ADV,СТРАШНО,ADV -,О
20045,,.,.,PUNCT,,,,,,,,,,PUNCT,,,
20046,,,,,,,,,,,,,,,,,
20047,# sent = 1449,,,,,,,,,,,,,,,,
20048,"<distinct form=""",,,,,,,,,,,,,,,,
20049,<dist>,от,,,,,,,,,,,,,,,
20050,""">",,,,,,,,,,,,,,,,
20051,,вот,ВОТ,PART,,,"от _вот_ , так что",т,о,в,,,,PART,ВОТ,PART,Т
20052,</distinct>,,,,,,,,,,,,,,,,
20053,,",",",",PUNCT,,,,,,,,,,PUNCT,,,
20054,,так что,так что,CONJ,,,"вот , _так что_ всем советую .",о,т,ч,,к,а,CONJ,так что,CONJ,о
20055,,всем,ВСЕ,SPRO - - dat pl,,,", так что _всем_ советую .",м,е,с,в,,,S,ВСЕ,S - - dat pl,Е
20056,,советую,СОВЕТОВАТЬ,V ipf praes sg indic - 3p,,,", так что всем _советую_ .",ю,у,т,е,в,о,V,СОВЕТОВАТЬ,V ipf praes sg indic - 1p,Ь